"","NAME","DESIG","report","sort_order","disc_of_climate_effects_on_park_ecological","disc_of_climate_effects_on_park_physical","disc_of_climate_effects_on_park_sociological","climate_objectives","climate_strategies_actions","detailed_methods","establishes_baseline_conditions","indicators","metrics","thresholds","targets","indicat_thresh_metrics_explicitly_linked_to_climate","commitment_to_climate_monitoring","references_other_monitoring","other_monitoring","total","Country","Grouping","pub_yr","WDPAID","DESIG_ABBREV","legend_lab"
"1","Braemar Pockmarks","Special Area of Conservation (Habitats Directive)","Advice_555556938_BraemarPockmarks_Combo.pdf",11,0,0,0,0,0,0,2,2,0,0,2,0,0,0,NA,6,"United Kingdom","UK","2018",555556938,"SAC","Special Area of Conservation (Habitats Directive) (SAC)"
"2","Berwickshire and North Northumberland Coast","Special Area of Conservation (Habitats Directive)","555556933_Berwickshire_and_North_Northumberland_Coast.pdf",13,0,0,0,0,0,0,1,1,1,0,0,2,2,2,NA,9,"United Kingdom","UK","2014",555556933,"SAC","Special Area of Conservation (Habitats Directive) (SAC)"
"3","Faroe-Shetland Sponge Belt","Nature Conservation MPA","Advice_555583053_Faroe_Shetland_Sponge_Belt_Combo.pdf",35,0,0,0,0,0,0,2,2,0,0,2,0,0,0,NA,6,"United Kingdom","UK","2018",555583053,NA,"Nature Conservation MPA (NA)"
"4","Red Bay","Special Area of Conservation (Habitats Directive)","555557136_Red_Bay.pdf",46,0,0,0,0,0,0,1,2,2,0,2,0,0,0,NA,7,"United Kingdom","UK","2017",555557136,"SAC","Special Area of Conservation (Habitats Directive) (SAC)"
"5","East of Gannet & Montrose Fields","Nature Conservation MPA","Advice_555583052_East_of_Gannet_Montrose_Fields_Combo.pdf",54,0,2,0,0,2,0,2,2,0,0,2,2,2,2,NA,16,"United Kingdom","UK","2018",555583052,NA,"Nature Conservation MPA (NA)"
"6","Anton Dohrn Seamount","Special Area of Conservation (Habitats Directive)","Advice_555556917_Anton_Dohrn_Seamount_Combo.pdf",59,0,0,0,0,2,0,1,2,0,0,2,0,2,2,NA,11,"United Kingdom","UK","2018",555556917,"SAC","Special Area of Conservation (Habitats Directive) (SAC)"
"7","East Rockall Bank","Special Area of Conservation (Habitats Directive)","Advice_555556978_East Rockall Bank_Combo.pdf",61,0,0,0,0,0,0,1,2,0,0,2,2,2,2,NA,11,"United Kingdom","UK","2018",555556978,"SAC","Special Area of Conservation (Habitats Directive) (SAC)"
"8","South West Deeps (West)","Marine Conservation Zone","Advice_555583029_South-West Deeps_Combo.pdf",66,0,0,0,0,0,0,1,2,0,0,2,0,0,0,NA,5,"United Kingdom","UK","2018",555583029,NA,"Marine Conservation Zone (NA)"
"9","Firth of Forth Banks Complex","Nature Conservation MPA","Advice_555583049_Firth_of_Forth_Banks_Complex_Combo.pdf",82,0,0,0,0,0,0,2,2,0,0,2,2,2,2,NA,12,"United Kingdom","UK","2018",555583049,NA,"Nature Conservation MPA (NA)"
"10","East Mingulay","Special Area of Conservation (Habitats Directive)","555556977_East_Mingulay.pdf",83,0,0,0,2,0,0,2,2,1,0,2,0,2,2,NA,13,"United Kingdom","UK","2019",555556977,"SAC","Special Area of Conservation (Habitats Directive) (SAC)"
"11","The Dee Estuary","Special Area of Conservation (Habitats Directive)","Advice_555557201_Dee Estuary.pdf",88,0,2,0,0,0,0,2,2,2,0,2,2,2,2,NA,16,"United Kingdom","UK","2010",555557201,"SAC","Special Area of Conservation (Habitats Directive) (SAC)"
"12","Murlough","Special Area of Conservation (Habitats Directive)","555557098_Murlough.pdf",89,0,0,0,0,2,2,2,2,2,0,2,0,2,2,NA,16,"United Kingdom","UK","2017",555557098,"SAC","Special Area of Conservation (Habitats Directive) (SAC)"
"13","North Norfolk Sandbanks and Saturn Reef","Special Area of Conservation (Habitats Directive)","Advice_555557108_North Norfolk Sandbanks and Saturn Reef_Combo.pdf",95,0,0,0,0,0,0,2,2,0,0,2,0,2,0,NA,8,"United Kingdom","UK","2017",555557108,"SAC","Special Area of Conservation (Habitats Directive) (SAC)"
"14","North West Rockall Bank","Special Area of Conservation (Habitats Directive)","Advice_555557112_North West Rockall Bank_Combo.pdf",96,0,0,0,0,0,0,1,2,0,0,2,2,2,2,NA,11,"United Kingdom","UK","2018",555557112,"SAC","Special Area of Conservation (Habitats Directive) (SAC)"
"15","Norwegian Boundary Sediment Plain","Nature Conservation MPA","Advice_555583057_Norwegian_Boundary_Sediment_Plain_Combo.pdf",113,0,0,0,0,0,0,2,2,0,0,2,0,2,2,NA,10,"United Kingdom","UK","2018",555583057,NA,"Nature Conservation MPA (NA)"
"16","Cardigan Bay / Bae Ceredigion","Special Area of Conservation (Habitats Directive)","Advice_555556947_Cardigan_Bay_CCW.pdf",118,0,0,0,0,0,0,0,2,2,0,2,0,0,0,NA,6,"United Kingdom","UK","2009",555556947,"SAC","Special Area of Conservation (Habitats Directive) (SAC)"
"17","North-east Faroe-Shetland Channel","Nature Conservation MPA","Advice_555583056_North-east_Faroe_Shetland_Channel_Combo.pdf",121,0,0,0,0,0,0,2,2,0,0,2,0,2,2,NA,10,"United Kingdom","UK","2018",555583056,NA,"Nature Conservation MPA (NA)"
"18","Deben Estuary","Special Protection Area (Birds Directive)","Advice_555556965_Deben Estuary_NaturalEngland.pdf",123,0,0,0,0,0,0,1,2,2,0,2,0,0,0,NA,7,"United Kingdom","UK","2001",555556965,"SPA","Special Protection Area (Birds Directive) (SPA)"
"19","The Barra Fan and Hebrides Terrace Seamount","Nature Conservation MPA","Advice_555583059_The_Barra_Fan_and_Hebrides_Terrace_Seamount_Combo.pdf",128,0,0,0,0,0,0,1,2,0,0,2,0,2,2,NA,9,"United Kingdom","UK","2018",555583059,NA,"Nature Conservation MPA (NA)"
"20","Solway Firth","Special Area of Conservation (Habitats Directive)","Advice_555557166_Solway_Firth.pdf",133,0,0,0,0,0,0,1,2,2,0,2,0,0,0,NA,7,"United Kingdom","UK","2010",555557166,"SAC","Special Area of Conservation (Habitats Directive) (SAC)"
"21","Rosemary Bank Seamount","Nature Conservation MPA","Advice_555583058_Rosemary_Bank_Seamount_Combo.pdf",134,0,0,0,0,0,0,1,2,0,0,2,0,2,2,NA,9,"United Kingdom","UK","2018",555583058,NA,"Nature Conservation MPA (NA)"
"22","Rathlin Island","Special Area of Conservation (Habitats Directive)","555557133_Rathlin_Island.pdf",141,0,0,0,0,2,0,1,2,2,0,2,0,2,2,NA,13,"United Kingdom","UK","2017",555557134,"SAC","Special Area of Conservation (Habitats Directive) (SAC)"
"23","Limestone Coast of South West Wales / Arfordir Calchfaen de Orllewin Cymru","Special Area of Conservation (Habitats Directive)","555557060_Limestone_Coast_of_South_West_Wales_Arfordir_Calchfaen_de_Orllewin_Cymru.pdf",142,0,0,0,0,0,0,1,2,2,1,2,0,0,0,NA,8,"United Kingdom","UK","2008",555557060,"SAC","Special Area of Conservation (Habitats Directive) (SAC)"
"24","Gibraltar Point","Special Area of Conservation (Habitats Directive)","68276_The_Wash_and_North_Norfolk_Coast.pdf",147,0,0,0,0,0,0,1,1,1,0,1,0,0,0,NA,4,"United Kingdom","UK","2001",555557006,"SAC","Special Area of Conservation (Habitats Directive) (SAC)"
"25","North Norfolk Coast","Special Area of Conservation (Habitats Directive)","68276_The_Wash_and_North_Norfolk_Coast.pdf",147,0,0,0,0,0,0,1,1,1,0,1,0,0,0,NA,4,"United Kingdom","UK","2001",555557107,"SAC","Special Area of Conservation (Habitats Directive) (SAC)"
"26","The Wash","Special Area of Conservation (Habitats Directive)","68276_The_Wash_and_North_Norfolk_Coast.pdf",147,0,0,0,0,0,0,1,1,1,0,1,0,0,0,NA,4,"United Kingdom","UK","2001",555557206,"SAC","Special Area of Conservation (Habitats Directive) (SAC)"
"27","The Wash and North Norfolk Coast","Special Area of Conservation (Habitats Directive)","68276_The_Wash_and_North_Norfolk_Coast.pdf",147,0,0,0,0,0,0,1,1,1,0,1,0,0,0,NA,4,"United Kingdom","UK","2001",555557205,"SAC","Special Area of Conservation (Habitats Directive) (SAC)"
"28","Hatton-Rockall Basin","Nature Conservation MPA","Advice_555583055_Hatton_Rockall_Basin_Combo.pdf",148,0,0,0,0,0,0,1,2,0,0,2,0,2,2,NA,9,"United Kingdom","UK","2018",555583055,NA,"Nature Conservation MPA (NA)"
"29","North East of Farnes Deep","Marine Conservation Zone","Advice_555583028_North East of Farnes Deep_Combo.pdf",167,0,0,0,0,0,0,2,2,0,0,2,0,0,0,NA,6,"United Kingdom","UK","2018",555583028,NA,"Marine Conservation Zone (NA)"
"30","Duddon Estuary","Special Protection Area (Birds Directive)","Advice_555556974_Duddon_Estuary_NaturalEngland.pdf",171,0,0,0,0,0,0,0,2,2,0,2,0,0,0,NA,6,"United Kingdom","UK","2001",555556974,"SPA","Special Protection Area (Birds Directive) (SPA)"
"31","Skerries and Causeway","Special Area of Conservation (Habitats Directive)","555557162_Skerries_and_Causeway.pdf",183,0,0,0,0,0,0,1,2,2,0,2,0,0,2,NA,9,"United Kingdom","UK","2017",555557162,"SAC","Special Area of Conservation (Habitats Directive) (SAC)"
"32","Lundy","Special Area of Conservation (Habitats Directive)","555557075_Lundy.pdf",185,2,2,0,2,0,0,2,2,0,0,1,2,2,0,NA,13,"United Kingdom","UK","2017",555583014,"SAC","Special Area of Conservation (Habitats Directive) (SAC)"
"33","Bassurelle sandbank","Special Area of Conservation (Habitats Directive)","Advice_555556927_Bassurelle Sandbank_Combo.pdf",187,0,0,0,0,0,0,2,2,0,0,2,0,0,0,NA,6,"United Kingdom","UK","2018",555556927,"SAC","Special Area of Conservation (Habitats Directive) (SAC)"
"34","Hatton Bank","Special Area of Conservation (Habitats Directive)","Advice_555557017_Hatton Bank_Combo.pdf",194,0,0,0,0,0,0,1,2,0,0,2,0,2,2,NA,9,"United Kingdom","UK","2018",555557017,"SAC","Special Area of Conservation (Habitats Directive) (SAC)"
"35","Loch nam Madadh","Special Area of Conservation (Habitats Directive)","555557068_Loch_nam_Madadh.pdf",205,0,0,0,0,0,0,2,2,1,0,2,0,2,0,NA,9,"United Kingdom","UK","2007",555557068,"SAC","Special Area of Conservation (Habitats Directive) (SAC)"
"36","Bae Caerfyrddin / Carmarthen Bay","Special Area of Conservation (Habitats Directive)","Advice_68296_Carmarthen_Bay_CCW.pdf",211,2,2,0,0,0,0,1,2,1,0,2,0,0,0,NA,8,"United Kingdom","UK","2009",555556921,"SAC","Special Area of Conservation (Habitats Directive) (SAC)"
"37","Colne Estuary (Mid-Essex Coast Phase 2)","Ramsar Site, Wetland of International Importance","Advice_555556953_Colne Estuary_Mid-Essex Coast Phase 2.pdf",215,2,2,0,0,0,0,1,2,2,0,2,2,2,0,NA,13,"United Kingdom","UK","2000",555556953,"RS WII","Ramsar Site, Wetland of International Importance (RS WII)"
"38","Baker Island","National Wildlife Refuge","2910_BakerIsland_NWR.pdf",1,2,2,0,2,2,0,1,2,2,0,1,2,2,2,NA,18,"United States","USA","2007",2910,"NWR","National Wildlife Refuge (NWR)"
"39","Gulf Islands","National Seashore","1064_Gulf_Islands_National_Seashore.pdf",2,2,2,2,0,2,0,1,2,2,2,0,0,2,2,NA,17,"United States","USA","2014",1064,NA,"National Seashore (NA)"
"40","Pitt Water-Orielton Lagoon","Ramsar Site, Wetland of International Importance","67767_Pitt_water_nature_reserve.pdf",3,2,2,0,2,2,0,1,2,2,2,2,0,2,0,NA,17,"Australia","Oceania","2010",67767,"RS WII","Ramsar Site, Wetland of International Importance (RS WII)"
"41","Apollo","Commonwealth Marine Reserve","354076_South-east_commonwealth_marine_reserves_network.pdf",4,0,0,0,0,0,0,0,0,0,0,0,NA,2,2,NA,4,"Australia","Oceania","2013",354076,NA,"Commonwealth Marine Reserve (NA)"
"42","Beagle","Commonwealth Marine Reserve","354076_South-east_commonwealth_marine_reserves_network.pdf",4,0,0,0,0,0,0,0,0,0,0,0,NA,2,2,NA,4,"Australia","Oceania","2013",354077,NA,"Commonwealth Marine Reserve (NA)"
"43","Boags","Commonwealth Marine Reserve","354076_South-east_commonwealth_marine_reserves_network.pdf",4,0,0,0,0,0,0,0,0,0,0,0,NA,2,2,NA,4,"Australia","Oceania","2013",354078,NA,"Commonwealth Marine Reserve (NA)"
"44","East Gippsland","Commonwealth Marine Reserve","354076_South-east_commonwealth_marine_reserves_network.pdf",4,0,0,0,0,0,0,0,0,0,0,0,NA,2,2,NA,4,"Australia","Oceania","2013",354080,NA,"Commonwealth Marine Reserve (NA)"
"45","Flinders","Commonwealth Marine Reserve","354076_South-east_commonwealth_marine_reserves_network.pdf",4,0,0,0,0,0,0,0,0,0,0,0,NA,2,2,NA,4,"Australia","Oceania","2013",354081,NA,"Commonwealth Marine Reserve (NA)"
"46","Franklin","Commonwealth Marine Reserve","354076_South-east_commonwealth_marine_reserves_network.pdf",4,0,0,0,0,0,0,0,0,0,0,0,NA,2,2,NA,4,"Australia","Oceania","2013",354082,NA,"Commonwealth Marine Reserve (NA)"
"47","Freycinet","Commonwealth Marine Reserve","354076_South-east_commonwealth_marine_reserves_network.pdf",4,0,0,0,0,0,0,0,0,0,0,0,NA,2,2,NA,4,"Australia","Oceania","2013",354083,NA,"Commonwealth Marine Reserve (NA)"
"48","Huon","Commonwealth Marine Reserve","354076_South-east_commonwealth_marine_reserves_network.pdf",4,0,0,0,0,0,0,0,0,0,0,0,NA,2,2,NA,4,"Australia","Oceania","2013",354085,NA,"Commonwealth Marine Reserve (NA)"
"49","Macquarie Island","Commonwealth Marine Reserve","354076_South-east_commonwealth_marine_reserves_network.pdf",4,0,0,0,0,0,0,0,0,0,0,0,NA,2,2,NA,4,"Australia","Oceania","2013",354086,NA,"Commonwealth Marine Reserve (NA)"
"50","Murray","Commonwealth Marine Reserve","354076_South-east_commonwealth_marine_reserves_network.pdf",4,0,0,0,0,0,0,0,0,0,0,0,NA,2,2,NA,4,"Australia","Oceania","2013",354087,NA,"Commonwealth Marine Reserve (NA)"
"51","Nelson","Commonwealth Marine Reserve","354076_South-east_commonwealth_marine_reserves_network.pdf",4,0,0,0,0,0,0,0,0,0,0,0,NA,2,2,NA,4,"Australia","Oceania","2013",354088,NA,"Commonwealth Marine Reserve (NA)"
"52","South Tasman Rise","Commonwealth Marine Reserve","354076_South-east_commonwealth_marine_reserves_network.pdf",4,0,0,0,0,0,0,0,0,0,0,0,NA,2,2,NA,4,"Australia","Oceania","2013",354089,NA,"Commonwealth Marine Reserve (NA)"
"53","Tasman Fracture","Commonwealth Marine Reserve","354076_South-east_commonwealth_marine_reserves_network.pdf",4,0,0,0,0,0,0,0,0,0,0,0,NA,2,2,NA,4,"Australia","Oceania","2013",354090,NA,"Commonwealth Marine Reserve (NA)"
"54","Zeehan","Commonwealth Marine Reserve","354076_South-east_commonwealth_marine_reserves_network.pdf",4,0,0,0,0,0,0,0,0,0,0,0,NA,2,2,NA,4,"Australia","Oceania","2013",354091,NA,"Commonwealth Marine Reserve (NA)"
"55","The Dales","Ramsar Site, Wetland of International Importance","900738_TheDales.pdf",5,2,2,0,0,0,0,1,2,2,1,2,0,2,0,NA,12,"Australia","Oceania","2010",900738,"RS WII","Ramsar Site, Wetland of International Importance (RS WII)"
"56","Glannau Môn: Cors heli / Anglesey Coast: Saltmarsh","Marine Protected Area (OSPAR)","555557008_Glannau_Mon_Cors_Heli_Anglesey Coast_Saltmarsh_SAC.pdf",6,0,2,0,0,0,0,1,2,2,1,2,0,0,0,NA,10,"United Kingdom","UK","2008",555557008,NA,"Marine Protected Area (OSPAR) (NA)"
"57","St. Lucie Inlet","Preserve State Park","29737_20140421_SLIPSP_ApprovedPlan.pdf",7,0,0,0,0,0,0,1,2,1,0,1,0,2,0,NA,7,"United States","USA","2014",29737,NA,"Preserve State Park (NA)"
"58","Flower Garden Banks","National Marine Sanctuary","312187_FlowerGarden.pdf",8,0,0,0,2,0,0,1,0,0,0,0,NA,2,0,NA,5,"United States","USA","2012",312187,NA,"National Marine Sanctuary (NA)"
"59","Monterey Bay","National Marine Sanctuary","555586741_MonteraryBay_NMS.pdf",9,0,0,0,0,0,0,1,0,0,0,0,NA,2,2,NA,5,"United States","USA","2008",555586741,NA,"National Marine Sanctuary (NA)"
"60","NOAA's Monitor","National Marine Sanctuary","555586784_Monitor.pdf",10,0,0,0,0,0,0,1,0,0,0,0,NA,2,0,NA,3,"United States","USA","2013",555586784,NA,"National Marine Sanctuary (NA)"
"61","Estero Bay","Aquatic Preserve","555586745_Estero-Bay-AP-Management-Plan.pdf",12,0,2,0,0,0,0,0,2,1,0,0,0,0,2,NA,7,"United States","USA","2015",555586745,NA,"Aquatic Preserve (NA)"
"62","Saba","Specially Protected Area (Cartagena Convention)","555624212_Saba_Bank.pdf",14,2,2,0,0,0,0,2,2,0,0,0,0,2,2,NA,10,"Netherlands","Europe","2008",555624212,NA,"Specially Protected Area (Cartagena Convention) (NA)"
"63","Supawna Meadows","National Wildlife Refuge","13857_Supawna Meadows.pdf",15,2,2,0,0,0,0,1,2,1,0,1,2,2,0,NA,11,"United States","USA","2011",13857,"NWR","National Wildlife Refuge (NWR)"
"64","Narrow River","Narrow River","555586803_Narrow River_SAMP_new.pdf",16,2,2,2,0,0,0,2,0,0,0,0,NA,2,0,NA,8,"United States","USA","1999",555586803,NA,"Narrow River (NA)"
"65","Delaware","National Estuarine Research Reserve","555586881_Delaware NERR_Mgmt Plan.pdf",17,2,2,0,2,2,0,1,2,1,0,0,2,2,2,NA,16,"United States","USA","2012",555586881,"NERR","National Estuarine Research Reserve (NERR)"
"66","South Slough","National Estuarine Research Reserve","555586811_SouthSlough.pdf",18,0,0,0,2,2,0,1,2,2,0,0,2,2,2,NA,15,"United States","USA","2017",555586811,"NERR","National Estuarine Research Reserve (NERR)"
"67","Izembek Lagoon National Wildlife Refuge","Ramsar Site, Wetland of International Importance","68308_Izembek.pdf",19,0,0,0,0,0,0,2,1,0,0,0,2,0,0,NA,5,"United States","USA","2010",68308,"RS WII","Ramsar Site, Wetland of International Importance (RS WII)"
"68","Big Branch Marsh","National Wildlife Refuge","44449_BigBranchMarsh_ConservationPlan.pdf",20,0,0,0,0,0,0,1,2,1,0,0,0,0,0,NA,4,"United States","USA","2007",44449,"NWR","National Wildlife Refuge (NWR)"
"69","Gully Marine Protected Area","Marine Protected Area","305214_Gully_MPA.pdf",21,0,0,0,0,0,0,1,1,1,0,0,0,2,0,NA,5,"Canada","Canada","2007",305214,"MPA","Marine Protected Area (MPA)"
"70","Bird Island","Marine Sanctuary","18716_BirdIsland.pdf",22,0,0,0,0,0,0,1,2,1,0,1,0,0,0,NA,5,"United States","USA","2015",18716,NA,"Marine Sanctuary (NA)"
"71","Grand Bay","National Estuarine Research Reserve","555586813_GrandBayNatEstuarineResearchReserve.pdf",23,0,2,0,2,2,0,2,2,1,0,0,2,2,2,NA,17,"United States","USA","2013",555586813,"NERR","National Estuarine Research Reserve (NERR)"
"72","Padilla Bay","National Estuarine Research Reserve","555586810_Padilla Bay.pdf",24,2,2,0,2,2,0,2,2,2,0,0,2,2,2,NA,18,"United States","USA","2008",555586810,"NERR","National Estuarine Research Reserve (NERR)"
"73","Cherry Point","Aquatic Reserve","312072_Cherry Point.pdf",25,2,2,0,2,0,0,2,2,1,0,1,2,2,2,NA,16,"United States","USA","2010",312072,NA,"Aquatic Reserve (NA)"
"74","St. Marks","National Wildlife Refuge","2891_St Marks NWR CCP.pdf",26,0,0,0,0,0,0,1,2,1,0,1,0,0,0,NA,5,"United States","USA","2006",2891,"NWR","National Wildlife Refuge (NWR)"
"75","Florida Keys","National Marine Sanctuary","122900_Florida Keys2.pdf",27,0,0,0,0,2,0,1,1,1,0,0,2,2,2,NA,11,"United States","USA","1996",122900,NA,"National Marine Sanctuary (NA)"
"76","Endeavour Hydrothermal Vents Marine Protected Area","Marine Protected Area","305219_Endeavour_MPA.pdf",28,0,0,0,0,0,0,1,1,1,1,0,0,0,0,NA,4,"Canada","Canada","2010",305219,"MPA","Marine Protected Area (MPA)"
"77","Waquoit Bay","National Estuarine Research Reserve","555586879_WaquoitBay_NERR.pdf",29,0,0,0,2,2,0,2,2,2,0,0,2,2,0,NA,14,"United States","USA","2014",555586879,"NERR","National Estuarine Research Reserve (NERR)"
"78","Mission-Aransas","National Estuarine Research Reserve","3333354_Mission_Aransas.pdf",30,2,2,0,0,2,0,2,2,2,0,0,2,2,2,NA,16,"United States","USA","2015",3333354,"NERR","National Estuarine Research Reserve (NERR)"
"79","Jacques Cousteau","National Estuarine Research Reserve","555586876_JacquesCousteau_NERR.pdf",31,0,0,0,2,2,0,2,2,2,0,0,0,2,2,NA,14,"United States","USA","2009",555586876,"NERR","National Estuarine Research Reserve (NERR)"
"80","Fire Island","National Seashore","1076_Fire_Island_National_Seashore.pdf",32,2,2,2,2,2,2,2,2,2,0,1,0,2,2,NA,21,"United States","USA","2015",1076,NA,"National Seashore (NA)"
"81","Fulmar","Marine Conservation Zone","Advice_555588156_Fulmar_Combo.pdf",33,0,0,0,0,0,0,2,2,0,0,2,0,0,0,NA,6,"United Kingdom","UK","2018",555588156,NA,"Marine Conservation Zone (NA)"
"82","Hosnie’s Spring","Ramsar Site, Wetland of International Importance","26622_HosniesSpring.pdf",34,2,2,0,0,0,0,1,2,2,1,2,0,0,0,NA,10,"Australia","Oceania","2010",26622,"RS WII","Ramsar Site, Wetland of International Importance (RS WII)"
"83","Shell Keys","National Wildlife Refuge","444456_Shell Keys NWR CCP.pdf",36,2,2,0,0,0,0,0,1,1,0,0,0,0,0,NA,4,"United States","USA","2008",444456,"NWR","National Wildlife Refuge (NWR)"
"84","Chumbe Island Coral Park (CHICOP)","Sanctuary and Closed Forest Reserve","72397_Chumbe_Island_Coral_Park.pdf",37,0,0,0,2,2,0,2,2,2,1,2,2,2,0,NA,17,"Tanzania","Africa","2017",72397,NA,"Sanctuary and Closed Forest Reserve (NA)"
"85","Breton","National Wildlife Refuge","2861_Breton.pdf",38,0,2,0,0,0,0,2,2,1,0,0,0,0,0,NA,7,"United States","USA","2000",2861,"NWR","National Wildlife Refuge (NWR)"
"86","Terra Ceia","Aquatic Preserve","555586758_Terra_Ceia_Aquatic_Preserve_Management_Plan_2009.pdf",39,2,2,0,0,0,0,1,2,1,0,0,0,2,0,NA,8,"United States","USA","2009",555586758,NA,"Aquatic Preserve (NA)"
"87","Pearl Harbor","National Wildlife Refuge","999910_Pearl_Harbor_NWR_Final_CCP.pdf",40,2,2,0,0,0,0,0,2,1,0,1,2,2,2,NA,12,"United States","USA","2010",999910,"NWR","National Wildlife Refuge (NWR)"
"88","South Georgia and South Sandwich Islands Marine Protected Area","IGNORE ME","555547601_South_Georgia_and_South_Sandwich_Islands.pdf",41,2,2,0,2,0,0,0,0,0,0,0,NA,0,0,NA,4,"United Kingdom","UK","2012",555547601,"MPA","Marine Protected Area (MPA)"
"89","Auyuittuq National Park Of Canada","National Park","613_Auyuittuq_NP.pdf",42,0,0,0,0,0,0,1,2,2,1,1,2,0,2,NA,11,"Canada","Canada","2010",613,"NP","National Park (NP)"
"90","Lewis And Clark","National Wildlife Refuge","11111318_LewisAndClark_NWR.pdf",43,2,2,0,0,0,0,0,2,1,0,1,0,0,0,NA,6,"United States","USA","2010",11111318,"NWR","National Wildlife Refuge (NWR)"
"91","Ahihi-Kinau","Natural Area Reserve","21038_Ahihi-Kinau-NAR-Management-Plan.pdf",44,0,0,0,0,0,0,1,2,2,1,0,0,0,0,NA,6,"United States","USA","2012",21038,NA,"Natural Area Reserve (NA)"
"92","St. Helena Sound","St. Helena Sound","375073_StHelenaSound.pdf",45,0,0,0,0,0,0,0,2,1,0,0,0,0,0,NA,3,"United States","USA","2016",375073,NA,"St. Helena Sound (NA)"
"93","Gateway","National Recreation Area","3005_Gateway_NRA.pdf",47,2,2,2,0,2,0,2,1,1,0,0,2,2,2,NA,16,"United States","USA","2014",3005,NA,"National Recreation Area (NA)"
"94","Alligator River","National Wildlife Refuge","13865_AlligatorRiver_NWR.pdf",48,2,2,0,0,0,0,2,2,1,0,0,0,0,0,NA,7,"United States","USA","2008",13865,"NWR","National Wildlife Refuge (NWR)"
"95","Glover's Reef","Specially Protected Area (Cartagena Convention)","555624214_Glovers_Reef_Marine_Reserve.pdf",49,0,0,0,0,0,0,2,2,2,0,0,0,2,2,NA,10,"Belize","Central America","2008",555624214,NA,"Specially Protected Area (Cartagena Convention) (NA)"
"96","Siletz Bay","National Wildlife Refuge","1111288_Siletz Bay2.pdf",50,2,2,0,0,2,0,1,2,2,0,2,2,2,2,NA,17,"United States","USA","2013",1111288,"NWR","National Wildlife Refuge (NWR)"
"97","Fowl Cays National Park","National Park","11839_315001_555592579_AbacoMarineParks.pdf",51,0,0,0,0,0,0,1,1,1,0,0,0,2,2,NA,7,"Bahamas","Caribbean","2017",555592579,"NP","National Park (NP)"
"98","Pelican Cays Land And Sea Park","National Park","11839_315001_555592579_AbacoMarineParks.pdf",51,0,0,0,0,0,0,1,1,1,0,0,0,2,2,NA,7,"Bahamas","Caribbean","2017",11839,"NP","National Park (NP)"
"99","Walker's Cay National Park","National Park","11839_315001_555592579_AbacoMarineParks.pdf",51,0,0,0,0,0,0,1,1,1,0,0,0,2,2,NA,7,"Bahamas","Caribbean","2017",315001,"NP","National Park (NP)"
"100","Piccaninnie Ponds Karst Wetlands","Ramsar Site, Wetland of International Importance","555558376_Piccaninnie_ponds_karst_wetlands.pdf",52,0,2,0,0,0,0,1,2,2,1,1,0,0,0,NA,9,"Australia","Oceania","2011",555558376,"RS WII","Ramsar Site, Wetland of International Importance (RS WII)"
"101","Ross Sea Region Marine Protected Area","Marine Protected Area (CCAMLR)","555624810_Ross_Sea_Region_Marine_Protected_Area.pdf",53,0,0,0,2,2,0,1,2,1,0,0,0,2,0,NA,10,"Areas beyond national jurisdiction","Antarctica","2016",555624810,NA,"Marine Protected Area (CCAMLR) (NA)"
"102","Smith and Minor Island","Aquatic Reserve","555586832_SmithandMinorIsland.pdf",55,2,2,0,2,0,0,1,2,1,0,0,0,2,0,NA,10,"United States","USA","2010",555586832,NA,"Aquatic Reserve (NA)"
"103","Alderney West Coast and the Burhou Islands","Ramsar Site, Wetland of International Importance","902745_Alderney_West_Coast_and_the_Burhou_Islands.pdf",56,0,0,0,0,2,0,1,2,1,0,0,0,2,0,NA,8,"United Kingdom","UK","2012",902745,"RS WII","Ramsar Site, Wetland of International Importance (RS WII)"
"104","Papahanaumokuakea Marine National Monument","Marine National Monument","220201_Papahanaumokuakea_NMS.pdf",57,2,2,0,0,2,0,2,2,1,0,0,2,2,2,NA,15,"United States","USA","2008",220201,NA,"Marine National Monument (NA)"
"105","Banana River","Aquatic Preserve","555586765_555586768_555586769_555586770_IndianRiverLagoonAP.pdf",58,2,2,2,0,0,0,2,2,2,0,0,0,2,2,NA,14,"United States","USA","2016",555586765,NA,"Aquatic Preserve (NA)"
"106","Indian River - Malabar to Vero Beach","Aquatic Preserve","555586765_555586768_555586769_555586770_IndianRiverLagoonAP.pdf",58,2,2,2,0,0,0,2,2,2,0,0,0,2,2,NA,14,"United States","USA","2016",555586768,NA,"Aquatic Preserve (NA)"
"107","Indian River - Vero Beach to Ft. Pierce","Aquatic Preserve","555586765_555586768_555586769_555586770_IndianRiverLagoonAP.pdf",58,2,2,2,0,0,0,2,2,2,0,0,0,2,2,NA,14,"United States","USA","2016",555586769,NA,"Aquatic Preserve (NA)"
"108","Jensen Beach to Jupiter Inlet","Aquatic Preserve","555586765_555586768_555586769_555586770_IndianRiverLagoonAP.pdf",58,2,2,2,0,0,0,2,2,2,0,0,0,2,2,NA,14,"United States","USA","2016",555586770,NA,"Aquatic Preserve (NA)"
"109","Apalachicola Bay","Aquatic Preserve","13091_Apalachicola NERR System.pdf",60,2,2,0,2,2,0,2,2,1,0,0,2,2,2,NA,17,"United States","USA","2014",555586900,NA,"Aquatic Preserve (NA)"
"110","Apalachicola National Estuarine Research Reserve Outstanding Florida Water","National Estuarine Research Reserve","13091_Apalachicola NERR System.pdf",60,2,2,0,2,2,0,2,2,1,0,0,2,2,2,NA,17,"United States","USA","2014",13091,"NERR","National Estuarine Research Reserve (NERR)"
"111","Golden Gate","National Recreation Area","4513_Golden Gate.pdf",62,2,2,2,2,2,0,2,2,2,1,2,0,2,2,NA,21,"United States","USA","2014",555605483,NA,"National Recreation Area (NA)"
"112","Pulu Keeling National Park","Ramsar Site, Wetland of International Importance","166861_Pulu_Keeling_national_park.pdf",63,0,0,0,0,0,0,2,2,1,0,0,0,0,0,NA,5,"Australia","Oceania","2004",166861,"RS WII","Ramsar Site, Wetland of International Importance (RS WII)"
"113","Wolf Island","National Wildlife Refuge","2867_WLF_2008_CCP.pdf",64,0,0,0,0,0,0,1,2,1,0,0,0,0,0,NA,4,"United States","USA","2008",2867,"NWR","National Wildlife Refuge (NWR)"
"114","Aransas","National Wildlife Refuge","555544114_Aransas.pdf",65,0,0,0,0,2,0,2,2,2,0,0,0,2,2,NA,12,"United States","USA","2009",555544114,"NWR","National Wildlife Refuge (NWR)"
"115","Delnor-Wiggins Pass","State Park","555586010_DelnorWiggs.pdf",67,0,0,0,0,0,0,2,2,2,0,0,0,0,0,NA,6,"United States","USA","2009",555586010,NA,"State Park (NA)"
"116","Wadden Sea","Ramsar Site, Wetland of International Importance","555542259_Wadden_Sea_Waddenzee.pdf",68,2,2,2,0,2,2,1,2,2,0,1,0,2,0,NA,16,"Netherlands","Europe","2010",68102,"RS WII","Ramsar Site, Wetland of International Importance (RS WII)"
"117","Waddenzee","Special Area of Conservation (Habitats Directive)","555542259_Wadden_Sea_Waddenzee.pdf",68,2,2,2,0,2,2,1,2,2,0,1,0,2,0,NA,16,"Netherlands","Europe","2010",555536918,"SAC","Special Area of Conservation (Habitats Directive) (SAC)"
"118","Waddenzee","Special Protection Area (Birds Directive)","555542259_Wadden_Sea_Waddenzee.pdf",68,2,2,2,0,2,2,1,2,2,0,1,0,2,0,NA,16,"Netherlands","Europe","2010",555542259,"SPA","Special Protection Area (Birds Directive) (SPA)"
"119","Werner-Boyce Salt Springs","State Park","555586061_02.15.2013_WBSSSP_AP.pdf",69,0,0,0,0,0,0,2,2,1,0,1,2,2,2,NA,12,"United States","USA","2013",555586061,NA,"State Park (NA)"
"120","Weeks Bay","National Estuarine Research Reserve","21059_WeeksBayNERR.pdf",70,0,0,0,2,2,0,2,1,1,0,0,2,2,2,NA,14,"United States","USA","2017",21059,"NERR","National Estuarine Research Reserve (NERR)"
"121","Willapa","National Wildlife Refuge","10561_Willapa.pdf",71,2,2,0,0,2,0,1,2,1,0,1,0,2,2,NA,13,"United States","USA","2011",10561,"NWR","National Wildlife Refuge (NWR)"
"122","Merritt Island","National Wildlife Refuge","2880_ Merritt Island.pdf",72,2,2,0,0,0,0,2,2,1,0,1,2,2,2,NA,14,"United States","USA","2008",2880,"NWR","National Wildlife Refuge (NWR)"
"123","Blackbeard Island","National Wildlife Refuge","2868_Pinckney Island_Savannah Coastal Complex.pdf",73,2,2,0,2,2,0,1,2,1,0,0,2,2,2,NA,16,"United States","USA","2011",2864,"NWR","National Wildlife Refuge (NWR)"
"124","Harris Neck","National Wildlife Refuge","2868_Pinckney Island_Savannah Coastal Complex.pdf",73,2,2,0,2,2,0,1,2,1,0,0,2,2,2,NA,16,"United States","USA","2011",2865,"NWR","National Wildlife Refuge (NWR)"
"125","Pinckney Island","National Wildlife Refuge","2868_Pinckney Island_Savannah Coastal Complex.pdf",73,2,2,0,2,2,0,1,2,1,0,0,2,2,2,NA,16,"United States","USA","2011",2868,"NWR","National Wildlife Refuge (NWR)"
"126","Tybee","National Wildlife Refuge","2868_Pinckney Island_Savannah Coastal Complex.pdf",73,2,2,0,2,2,0,1,2,1,0,0,2,2,2,NA,16,"United States","USA","2011",376225,"NWR","National Wildlife Refuge (NWR)"
"127","Wassaw","National Wildlife Refuge","2868_Pinckney Island_Savannah Coastal Complex.pdf",73,2,2,0,2,2,0,1,2,1,0,0,2,2,2,NA,16,"United States","USA","2011",2869,"NWR","National Wildlife Refuge (NWR)"
"128","Port Honduras","Specially Protected Area (Cartagena Convention)","555624213_Port_Honduras.pdf",74,2,2,0,2,2,0,2,2,2,0,0,2,2,0,NA,16,"Belize","Central America","2011",555624213,NA,"Specially Protected Area (Cartagena Convention) (NA)"
"129","Cape Haze","Aquatic Preserve","5555586747_48_49_50_56_Charlotte-Harbor-AP-Management-Plan.pdf",75,2,2,2,0,0,0,2,2,2,0,0,0,0,2,NA,12,"United States","USA","2017",555586756,NA,"Aquatic Preserve (NA)"
"130","Gasparilla Sound - Charlotte Harbor","Aquatic Preserve","5555586747_48_49_50_56_Charlotte-Harbor-AP-Management-Plan.pdf",75,2,2,2,0,0,0,2,2,2,0,0,0,0,2,NA,12,"United States","USA","2017",555586747,NA,"Aquatic Preserve (NA)"
"131","Lemon Bay","Aquatic Preserve","5555586747_48_49_50_56_Charlotte-Harbor-AP-Management-Plan.pdf",75,2,2,2,0,0,0,2,2,2,0,0,0,0,2,NA,12,"United States","USA","2017",555586748,NA,"Aquatic Preserve (NA)"
"132","Matlacha Pass","Aquatic Preserve","5555586747_48_49_50_56_Charlotte-Harbor-AP-Management-Plan.pdf",75,2,2,2,0,0,0,2,2,2,0,0,0,0,2,NA,12,"United States","USA","2017",555586749,NA,"Aquatic Preserve (NA)"
"133","Pine Island Sound","Aquatic Preserve","5555586747_48_49_50_56_Charlotte-Harbor-AP-Management-Plan.pdf",75,2,2,2,0,0,0,2,2,2,0,0,0,0,2,NA,12,"United States","USA","2017",555586750,NA,"Aquatic Preserve (NA)"
"134","Back Bay","National Wildlife Refuge","2906_BackBayNWR.pdf",76,0,0,0,0,0,0,1,2,1,0,1,0,0,0,NA,5,"United States","USA","2010",2906,"NWR","National Wildlife Refuge (NWR)"
"135","Basin Head Marine Protected Area","Marine Protected Area","555512144_BasinHead_MPA.pdf",77,0,0,0,0,0,0,2,2,2,2,0,0,0,0,NA,8,"Canada","Canada","2014",555512144,"MPA","Marine Protected Area (MPA)"
"136","Man o War Shoal Marine Park","Specially Protected Area (Cartagena Convention)","555624206_Man o War Shoal Marine Park.pdf",78,2,0,0,0,0,0,1,1,1,0,0,0,2,0,NA,5,"Netherlands","Europe","2011",555624206,NA,"Specially Protected Area (Cartagena Convention) (NA)"
"137","Gerry E. Studds/Stellwagen Bank","National Marine Sanctuary","315079_StellwagenBank_NMS.pdf",79,2,2,2,0,2,0,2,1,1,0,0,2,2,0,NA,14,"United States","USA","2010",315079,NA,"National Marine Sanctuary (NA)"
"138","Stump Pass Beach","State Park","555586055_StumpPassBeach.pdf",80,0,2,0,0,0,0,2,2,2,0,1,0,2,2,NA,13,"United States","USA","2013",555586055,NA,"State Park (NA)"
"139","Great White Heron","National Wildlife Refuge","13792_LowerFloridaKeys_NWR.pdf",81,2,2,0,0,0,0,2,2,1,0,0,2,2,0,NA,11,"United States","USA","2009",13792,"NWR","National Wildlife Refuge (NWR)"
"140","Key West","National Wildlife Refuge","13792_LowerFloridaKeys_NWR.pdf",81,2,2,0,0,0,0,2,2,1,0,0,2,2,0,NA,11,"United States","USA","2009",13020,"NWR","National Wildlife Refuge (NWR)"
"141","National Key Deer","Refuge","13792_LowerFloridaKeys_NWR.pdf",81,2,2,0,0,0,0,2,2,1,0,0,2,2,0,NA,11,"United States","USA","2009",13019,NA,"Refuge (NA)"
"142","Hudson River","National Estuarine Research Reserve","555586809_HudsonRiver_NERR.pdf",84,2,2,0,2,2,0,2,1,1,0,0,0,2,2,NA,14,"United States","USA","2019",555586809,"NERR","National Estuarine Research Reserve (NERR)"
"143","Mankòté Mangrove","Ramsar Site, Wetland of International Importance","900706_Pointe_Sable_Environmental_Protection_Area.pdf",85,0,0,0,0,0,0,0,0,0,0,0,NA,0,0,NA,0,"St. Lucia","Caribbean","2009",900707,"RS WII","Ramsar Site, Wetland of International Importance (RS WII)"
"144","Savannes Bay","Ramsar Site, Wetland of International Importance","900706_Pointe_Sable_Environmental_Protection_Area.pdf",85,0,0,0,0,0,0,0,0,0,0,0,NA,0,0,NA,0,"St. Lucia","Caribbean","2009",900706,"RS WII","Ramsar Site, Wetland of International Importance (RS WII)"
"145","Fidalgo Bay","Aquatic Reserve","312867_Fidalgo Bay.pdf",86,2,2,0,2,2,0,2,2,2,0,0,0,2,2,NA,16,"United States","USA","2019",312867,NA,"Aquatic Reserve (NA)"
"146","Ashepoo-Combahee-Edisto (ACE) Basin","National Estuarine Research Reserve","312370_outdatedplan_Ashepoo-Combahee-Edisto (ACE) Basin.pdf",87,0,0,0,0,0,0,1,1,1,0,0,2,2,2,NA,9,"United States","USA","2011",312370,"NERR","National Estuarine Research Reserve (NERR)"
"147","The Dee Estuary","Special Protection Area (Birds Directive)","Advice_555557201_Dee Estuary.pdf",88,0,2,0,0,0,0,2,2,2,0,2,2,2,2,NA,16,"United Kingdom","UK","2010",555541844,"SPA","Special Protection Area (Birds Directive) (SPA)"
"148","Everglades","IGNORE ME","971_Everglades.pdf",90,2,2,2,0,2,0,1,2,1,0,1,2,2,2,NA,17,"United States","USA","2015",971,"NP","National Park (NP)"
"149","Everglades National Park","Ramsar Site, Wetland of International Importance","971_Everglades.pdf",90,2,2,2,0,2,0,1,2,1,0,1,2,2,2,NA,17,"United States","USA","2015",68310,"RS WII","Ramsar Site, Wetland of International Importance (RS WII)"
"150","Canaveral","National Seashore","1069_Canaveral_National_Seashore.pdf",91,2,2,2,0,2,0,1,1,1,1,0,2,2,2,NA,16,"United States","USA","2015",1069,NA,"National Seashore (NA)"
"151","Mackay Island","National Wildlife Refuge","10573_MackayIsland_NWR.pdf",92,2,2,0,0,0,0,1,2,1,0,1,0,0,0,NA,7,"United States","USA","2008",10573,"NWR","National Wildlife Refuge (NWR)"
"152","Zella M. Schultz/Protection Island","Seabird Sanctuary","555547389_Zella M. Schultz_Protection Island.pdf",93,2,2,0,2,2,0,2,2,1,0,0,2,2,0,NA,15,"United States","USA","2010",555547389,NA,"Seabird Sanctuary (NA)"
"153","Cape Romano - Ten Thousand Islands","Aquatic Preserve","555586901_RookeryBay_AP-NERR.pdf",94,2,2,0,2,2,0,2,2,1,0,0,2,2,2,NA,17,"United States","USA","2009",555586760,NA,"Aquatic Preserve (NA)"
"154","Rookery Bay","National Estuarine Research Reserve","555586901_RookeryBay_AP-NERR.pdf",94,2,2,0,2,2,0,2,2,1,0,0,2,2,2,NA,17,"United States","USA","2009",13090,"NERR","National Estuarine Research Reserve (NERR)"
"155","Rookery Bay","Aquatic Preserve","555586901_RookeryBay_AP-NERR.pdf",94,2,2,0,2,2,0,2,2,1,0,0,2,2,2,NA,17,"United States","USA","2009",555586901,NA,"Aquatic Preserve (NA)"
"156","Anacapa Island","State Marine Conservation Area","Channel Islands National Park.pdf",97,2,2,0,2,2,0,1,1,1,0,0,0,2,2,NA,13,"United States","USA","2015",312329,NA,"State Marine Conservation Area (NA)"
"157","Anacapa Island","State Marine Reserve","Channel Islands National Park.pdf",97,2,2,0,2,2,0,1,1,1,0,0,0,2,2,NA,13,"United States","USA","2015",352751,NA,"State Marine Reserve (NA)"
"158","Anacapa Island","Special Closure (B)","Channel Islands National Park.pdf",97,2,2,0,2,2,0,1,1,1,0,0,0,2,2,NA,13,"United States","USA","2015",555586889,NA,"Special Closure (B) (NA)"
"159","Anacapa Island Special Closure (A)","Special Closure (A)","Channel Islands National Park.pdf",97,2,2,0,2,2,0,1,1,1,0,0,0,2,2,NA,13,"United States","USA","2015",555586895,NA,"Special Closure (A) (NA)"
"160","Seabranch","Preserve State Park","555585663_Seabranch.pdf",98,0,0,0,0,0,0,2,2,1,0,1,0,2,0,NA,8,"United States","USA","2014",555585663,NA,"Preserve State Park (NA)"
"161","Protection Island","National Wildlife Refuge","315470_ProtectionIsland_NWR.pdf",99,0,0,0,2,2,0,2,2,1,0,2,2,2,2,NA,17,"United States","USA","2010",315470,"NWR","National Wildlife Refuge (NWR)"
"162","Prime Hook","National Wildlife Refuge","10570_PrimeHook.pdf",100,2,2,0,2,2,0,1,2,1,0,1,2,2,2,NA,17,"United States","USA","2013",10570,"NWR","National Wildlife Refuge (NWR)"
"163","Abalone Cove","State Marine Conservation Area","California_MPAs.pdf",101,0,0,0,0,0,0,2,1,1,0,0,0,2,2,NA,8,"United States","USA","2015",555586843,NA,"State Marine Conservation Area (NA)"
"164","Ano Nuevo","State Marine Conservation Area","California_MPAs.pdf",101,0,0,0,0,0,0,2,1,1,0,0,0,2,2,NA,8,"United States","USA","2015",555586717,NA,"State Marine Conservation Area (NA)"
"165","Arrow Point to Lion Head Point (Catalina Island)","State Marine Conservation Area","California_MPAs.pdf",101,0,0,0,0,0,0,2,1,1,0,0,0,2,2,NA,8,"United States","USA","2015",555586846,NA,"State Marine Conservation Area (NA)"
"166","Asilomar","State Marine Reserve","California_MPAs.pdf",101,0,0,0,0,0,0,2,1,1,0,0,0,2,2,NA,8,"United States","USA","2015",555547391,NA,"State Marine Reserve (NA)"
"167","Batiquitos Lagoon","State Marine Conservation Area","California_MPAs.pdf",101,0,0,0,0,0,0,2,1,1,0,0,0,2,2,NA,8,"United States","USA","2015",11116356,NA,"State Marine Conservation Area (NA)"
"168","Begg Rock (San Nicolas Island Quad)","State Marine Reserve","California_MPAs.pdf",101,0,0,0,0,0,0,2,1,1,0,0,0,2,2,NA,8,"United States","USA","2015",555586841,NA,"State Marine Reserve (NA)"
"169","Big Creek","State Marine Reserve","California_MPAs.pdf",101,0,0,0,0,0,0,2,1,1,0,0,0,2,2,NA,8,"United States","USA","2015",312356,NA,"State Marine Reserve (NA)"
"170","Big Creek","State Marine Conservation Area","California_MPAs.pdf",101,0,0,0,0,0,0,2,1,1,0,0,0,2,2,NA,8,"United States","USA","2015",555586724,NA,"State Marine Conservation Area (NA)"
"171","Big Flat","State Marine Conservation Area","California_MPAs.pdf",101,0,0,0,0,0,0,2,1,1,0,0,0,2,2,NA,8,"United States","USA","2015",555586867,NA,"State Marine Conservation Area (NA)"
"172","Big River Estuary","State Marine Conservation Area","California_MPAs.pdf",101,0,0,0,0,0,0,2,1,1,0,0,0,2,2,NA,8,"United States","USA","2015",555586870,NA,"State Marine Conservation Area (NA)"
"173","Blue Cavern (Catalina Island)","State Marine Conservation Area","California_MPAs.pdf",101,0,0,0,0,0,0,2,1,1,0,0,0,2,2,NA,8,"United States","USA","2015",555586847,NA,"State Marine Conservation Area (NA)"
"174","Bodega Head","State Marine Reserve","California_MPAs.pdf",101,0,0,0,0,0,0,2,1,1,0,0,0,2,2,NA,8,"United States","USA","2015",555547365,NA,"State Marine Reserve (NA)"
"175","Bolsa Bay","State Marine Conservation Area","California_MPAs.pdf",101,0,0,0,0,0,0,2,1,1,0,0,0,2,2,NA,8,"United States","USA","2015",555586844,NA,"State Marine Conservation Area (NA)"
"176","Bolsa Chica Basin","State Marine Conservation Area","California_MPAs.pdf",101,0,0,0,0,0,0,2,1,1,0,0,0,2,2,NA,8,"United States","USA","2015",555586845,NA,"State Marine Conservation Area (NA)"
"177","Cabrillo","State Marine Reserve","California_MPAs.pdf",101,0,0,0,0,0,0,2,1,1,0,0,0,2,2,NA,8,"United States","USA","2015",555586858,NA,"State Marine Reserve (NA)"
"178","Cambria","State Marine Conservation Area","California_MPAs.pdf",101,0,0,0,0,0,0,2,1,1,0,0,0,2,2,NA,8,"United States","USA","2015",555586725,NA,"State Marine Conservation Area (NA)"
"179","Campus Point","State Marine Conservation Area","California_MPAs.pdf",101,0,0,0,0,0,0,2,1,1,0,0,0,2,2,NA,8,"United States","USA","2015",555586839,NA,"State Marine Conservation Area (NA)"
"180","Carmel Bay","State Marine Conservation Area","California_MPAs.pdf",101,0,0,0,0,0,0,2,1,1,0,0,0,2,2,NA,8,"United States","USA","2015",555586723,NA,"State Marine Conservation Area (NA)"
"181","Carmel Pinnacles","State Marine Reserve","California_MPAs.pdf",101,0,0,0,0,0,0,2,1,1,0,0,0,2,2,NA,8,"United States","USA","2015",555547392,NA,"State Marine Reserve (NA)"
"182","Carrington Point (Santa Rosa Island)","State Marine Reserve","California_MPAs.pdf",101,0,0,0,0,0,0,2,1,1,0,0,0,2,2,NA,8,"United States","USA","2015",352746,NA,"State Marine Reserve (NA)"
"183","Casino Point (Catalina Island)","State Marine Conservation Area","California_MPAs.pdf",101,0,0,0,0,0,0,2,1,1,0,0,0,2,2,NA,8,"United States","USA","2015",555586850,NA,"State Marine Conservation Area (NA)"
"184","Castle Rock","Special Closure","California_MPAs.pdf",101,0,0,0,0,0,0,2,1,1,0,0,0,2,2,NA,8,"United States","USA","2015",555587008,NA,"Special Closure (NA)"
"185","Cat Harbor (Catalina Island)","State Marine Conservation Area","California_MPAs.pdf",101,0,0,0,0,0,0,2,1,1,0,0,0,2,2,NA,8,"United States","USA","2015",555586852,NA,"State Marine Conservation Area (NA)"
"186","Crystal Cove","State Marine Conservation Area","California_MPAs.pdf",101,0,0,0,0,0,0,2,1,1,0,0,0,2,2,NA,8,"United States","USA","2015",555586853,NA,"State Marine Conservation Area (NA)"
"187","Dana Point","State Marine Conservation Area","California_MPAs.pdf",101,0,0,0,0,0,0,2,1,1,0,0,0,2,2,NA,8,"United States","USA","2015",555587001,NA,"State Marine Conservation Area (NA)"
"188","Del Mar Landing","State Marine Reserve","California_MPAs.pdf",101,0,0,0,0,0,0,2,1,1,0,0,0,2,2,NA,8,"United States","USA","2015",312172,NA,"State Marine Reserve (NA)"
"189","Double Cone Rock","State Marine Conservation Area","California_MPAs.pdf",101,0,0,0,0,0,0,2,1,1,0,0,0,2,2,NA,8,"United States","USA","2015",555586868,NA,"State Marine Conservation Area (NA)"
"190","Double Point/Stormy Stack","Special Closure","California_MPAs.pdf",101,0,0,0,0,0,0,2,1,1,0,0,0,2,2,NA,8,"United States","USA","2015",555547371,NA,"Special Closure (NA)"
"191","Drakes Estero","State Marine Conservation Area","California_MPAs.pdf",101,0,0,0,0,0,0,2,1,1,0,0,0,2,2,NA,8,"United States","USA","2015",555586732,NA,"State Marine Conservation Area (NA)"
"192","Duxbury Reef","State Marine Conservation Area","California_MPAs.pdf",101,0,0,0,0,0,0,2,1,1,0,0,0,2,2,NA,8,"United States","USA","2015",312838,NA,"State Marine Conservation Area (NA)"
"193","Edward F. Ricketts","State Marine Conservation Area","California_MPAs.pdf",101,0,0,0,0,0,0,2,1,1,0,0,0,2,2,NA,8,"United States","USA","2015",555586721,NA,"State Marine Conservation Area (NA)"
"194","Egg (Devil's Slide) Rock to Devil's Slide","Special Closure","California_MPAs.pdf",101,0,0,0,0,0,0,2,1,1,0,0,0,2,2,NA,8,"United States","USA","2015",555547372,NA,"Special Closure (NA)"
"195","Elkhorn Slough","State Marine Reserve","California_MPAs.pdf",101,0,0,0,0,0,0,2,1,1,0,0,0,2,2,NA,8,"United States","USA","2015",555547351,NA,"State Marine Reserve (NA)"
"196","Elkhorn Slough","State Marine Conservation Area","California_MPAs.pdf",101,0,0,0,0,0,0,2,1,1,0,0,0,2,2,NA,8,"United States","USA","2015",555586890,NA,"State Marine Conservation Area (NA)"
"197","Estero Americano","State Marine Recreational Management Area","California_MPAs.pdf",101,0,0,0,0,0,0,2,1,1,0,0,0,2,2,NA,8,"United States","USA","2015",555586897,NA,"State Marine Recreational Management Area (NA)"
"198","Estero de Limantour","State Marine Reserve","California_MPAs.pdf",101,0,0,0,0,0,0,2,1,1,0,0,0,2,2,NA,8,"United States","USA","2015",312840,NA,"State Marine Reserve (NA)"
"199","Estero de San Antonio","State Marine Recreational Management Area","California_MPAs.pdf",101,0,0,0,0,0,0,2,1,1,0,0,0,2,2,NA,8,"United States","USA","2015",555586898,NA,"State Marine Recreational Management Area (NA)"
"200","False Klamath Rock","Special Closure","California_MPAs.pdf",101,0,0,0,0,0,0,2,1,1,0,0,0,2,2,NA,8,"United States","USA","2015",555587009,NA,"Special Closure (NA)"
"201","Famosa Slough","State Marine Conservation Area","California_MPAs.pdf",101,0,0,0,0,0,0,2,1,1,0,0,0,2,2,NA,8,"United States","USA","2015",555586857,NA,"State Marine Conservation Area (NA)"
"202","Farnsworth Offshore (Catalina Island)","State Marine Conservation Area","California_MPAs.pdf",101,0,0,0,0,0,0,2,1,1,0,0,0,2,2,NA,8,"United States","USA","2015",555586997,NA,"State Marine Conservation Area (NA)"
"203","Farnsworth Onshore (Catalina Island)","State Marine Conservation Area","California_MPAs.pdf",101,0,0,0,0,0,0,2,1,1,0,0,0,2,2,NA,8,"United States","USA","2015",555586996,NA,"State Marine Conservation Area (NA)"
"204","Footprint","State Marine Reserve","California_MPAs.pdf",101,0,0,0,0,0,0,2,1,1,0,0,0,2,2,NA,8,"United States","USA","2015",555547362,NA,"State Marine Reserve (NA)"
"205","Gerstle Cove","State Marine Reserve","California_MPAs.pdf",101,0,0,0,0,0,0,2,1,1,0,0,0,2,2,NA,8,"United States","USA","2015",555586441,NA,"State Marine Reserve (NA)"
"206","Goleta Slough","State Marine Conservation Area","California_MPAs.pdf",101,0,0,0,0,0,0,2,1,1,0,0,0,2,2,NA,8,"United States","USA","2015",555586840,NA,"State Marine Conservation Area (NA)"
"207","Greyhound Rock","State Marine Conservation Area","California_MPAs.pdf",101,0,0,0,0,0,0,2,1,1,0,0,0,2,2,NA,8,"United States","USA","2015",555586718,NA,"State Marine Conservation Area (NA)"
"208","Gull Island (Santa Cruz Island)","State Marine Reserve","California_MPAs.pdf",101,0,0,0,0,0,0,2,1,1,0,0,0,2,2,NA,8,"United States","USA","2015",352748,NA,"State Marine Reserve (NA)"
"209","Harris Point (San Miguel Island)","State Marine Reserve","California_MPAs.pdf",101,0,0,0,0,0,0,2,1,1,0,0,0,2,2,NA,8,"United States","USA","2015",352744,NA,"State Marine Reserve (NA)"
"210","Judith Rock (San Miguel Island)","State Marine Reserve","California_MPAs.pdf",101,0,0,0,0,0,0,2,1,1,0,0,0,2,2,NA,8,"United States","USA","2015",352743,NA,"State Marine Reserve (NA)"
"211","Kashtayit","State Marine Conservation Area","California_MPAs.pdf",101,0,0,0,0,0,0,2,1,1,0,0,0,2,2,NA,8,"United States","USA","2015",555586837,NA,"State Marine Conservation Area (NA)"
"212","Laguna Beach","State Marine Reserve","California_MPAs.pdf",101,0,0,0,0,0,0,2,1,1,0,0,0,2,2,NA,8,"United States","USA","2015",555586999,NA,"State Marine Reserve (NA)"
"213","Laguna Beach","State Marine Conservation Area","California_MPAs.pdf",101,0,0,0,0,0,0,2,1,1,0,0,0,2,2,NA,8,"United States","USA","2015",555587000,NA,"State Marine Conservation Area (NA)"
"214","Long Point (Catalina Island)","State Marine Reserve","California_MPAs.pdf",101,0,0,0,0,0,0,2,1,1,0,0,0,2,2,NA,8,"United States","USA","2015",555586849,NA,"State Marine Reserve (NA)"
"215","Lover's Cove (Catalina Island)","State Marine Conservation Area","California_MPAs.pdf",101,0,0,0,0,0,0,2,1,1,0,0,0,2,2,NA,8,"United States","USA","2015",555586851,NA,"State Marine Conservation Area (NA)"
"216","Lovers Point","State Marine Reserve","California_MPAs.pdf",101,0,0,0,0,0,0,2,1,1,0,0,0,2,2,NA,8,"United States","USA","2015",555547355,NA,"State Marine Reserve (NA)"
"217","MacKerricher","State Marine Conservation Area","California_MPAs.pdf",101,0,0,0,0,0,0,2,1,1,0,0,0,2,2,NA,8,"United States","USA","2015",555587020,NA,"State Marine Conservation Area (NA)"
"218","Matlahuayl","State Marine Reserve","California_MPAs.pdf",101,0,0,0,0,0,0,2,1,1,0,0,0,2,2,NA,8,"United States","USA","2015",555586856,NA,"State Marine Reserve (NA)"
"219","Mattole Canyon","State Marine Reserve","California_MPAs.pdf",101,0,0,0,0,0,0,2,1,1,0,0,0,2,2,NA,8,"United States","USA","2015",555586865,NA,"State Marine Reserve (NA)"
"220","Montara","State Marine Reserve","California_MPAs.pdf",101,0,0,0,0,0,0,2,1,1,0,0,0,2,2,NA,8,"United States","USA","2015",555547368,NA,"State Marine Reserve (NA)"
"221","Moro Cojo Slough","State Marine Reserve","California_MPAs.pdf",101,0,0,0,0,0,0,2,1,1,0,0,0,2,2,NA,8,"United States","USA","2015",555547354,NA,"State Marine Reserve (NA)"
"222","Morro Bay","State Marine Recreational Management Area","California_MPAs.pdf",101,0,0,0,0,0,0,2,1,1,0,0,0,2,2,NA,8,"United States","USA","2015",11115738,NA,"State Marine Recreational Management Area (NA)"
"223","Morro Bay","State Marine Reserve","California_MPAs.pdf",101,0,0,0,0,0,0,2,1,1,0,0,0,2,2,NA,8,"United States","USA","2015",555547352,NA,"State Marine Reserve (NA)"
"224","Naples","State Marine Conservation Area","California_MPAs.pdf",101,0,0,0,0,0,0,2,1,1,0,0,0,2,2,NA,8,"United States","USA","2015",555586838,NA,"State Marine Conservation Area (NA)"
"225","Natural Bridges","State Marine Reserve","California_MPAs.pdf",101,0,0,0,0,0,0,2,1,1,0,0,0,2,2,NA,8,"United States","USA","2015",555547353,NA,"State Marine Reserve (NA)"
"226","Navarro River Estuary","State Marine Conservation Area","California_MPAs.pdf",101,0,0,0,0,0,0,2,1,1,0,0,0,2,2,NA,8,"United States","USA","2015",555586872,NA,"State Marine Conservation Area (NA)"
"227","North Farallon Islands","Special Closure","California_MPAs.pdf",101,0,0,0,0,0,0,2,1,1,0,0,0,2,2,NA,8,"United States","USA","2015",555547373,NA,"Special Closure (NA)"
"228","North Farallon Islands","State Marine Reserve","California_MPAs.pdf",101,0,0,0,0,0,0,2,1,1,0,0,0,2,2,NA,8,"United States","USA","2015",555547375,NA,"State Marine Reserve (NA)"
"229","Pacific Grove Marine Gardens","State Marine Conservation Area","California_MPAs.pdf",101,0,0,0,0,0,0,2,1,1,0,0,0,2,2,NA,8,"United States","USA","2015",555586722,NA,"State Marine Conservation Area (NA)"
"230","Painted Cave (Santa Cruz Island)","State Marine Conservation Area","California_MPAs.pdf",101,0,0,0,0,0,0,2,1,1,0,0,0,2,2,NA,8,"United States","USA","2015",312330,NA,"State Marine Conservation Area (NA)"
"231","Piedras Blancas","State Marine Reserve","California_MPAs.pdf",101,0,0,0,0,0,0,2,1,1,0,0,0,2,2,NA,8,"United States","USA","2015",555547360,NA,"State Marine Reserve (NA)"
"232","Piedras Blancas","State Marine Conservation Area","California_MPAs.pdf",101,0,0,0,0,0,0,2,1,1,0,0,0,2,2,NA,8,"United States","USA","2015",555586893,NA,"State Marine Conservation Area (NA)"
"233","Pillar Point","State Marine Conservation Area","California_MPAs.pdf",101,0,0,0,0,0,0,2,1,1,0,0,0,2,2,NA,8,"United States","USA","2015",555586734,NA,"State Marine Conservation Area (NA)"
"234","Point Arena","State Marine Reserve","California_MPAs.pdf",101,0,0,0,0,0,0,2,1,1,0,0,0,2,2,NA,8,"United States","USA","2015",555547363,NA,"State Marine Reserve (NA)"
"235","Point Arena","State Marine Conservation Area","California_MPAs.pdf",101,0,0,0,0,0,0,2,1,1,0,0,0,2,2,NA,8,"United States","USA","2015",555586896,NA,"State Marine Conservation Area (NA)"
"236","Point Buchon","State Marine Reserve","California_MPAs.pdf",101,0,0,0,0,0,0,2,1,1,0,0,0,2,2,NA,8,"United States","USA","2015",555547361,NA,"State Marine Reserve (NA)"
"237","Point Buchon","State Marine Conservation Area","California_MPAs.pdf",101,0,0,0,0,0,0,2,1,1,0,0,0,2,2,NA,8,"United States","USA","2015",555586894,NA,"State Marine Conservation Area (NA)"
"238","Point Cabrillo","State Marine Reserve","California_MPAs.pdf",101,0,0,0,0,0,0,2,1,1,0,0,0,2,2,NA,8,"United States","USA","2015",312843,NA,"State Marine Reserve (NA)"
"239","Point Conception","State Marine Reserve","California_MPAs.pdf",101,0,0,0,0,0,0,2,1,1,0,0,0,2,2,NA,8,"United States","USA","2015",555586836,NA,"State Marine Reserve (NA)"
"240","Point Dume","State Marine Conservation Area","California_MPAs.pdf",101,0,0,0,0,0,0,2,1,1,0,0,0,2,2,NA,8,"United States","USA","2015",555586994,NA,"State Marine Conservation Area (NA)"
"241","Point Dume","State Marine Reserve","California_MPAs.pdf",101,0,0,0,0,0,0,2,1,1,0,0,0,2,2,NA,8,"United States","USA","2015",555586995,NA,"State Marine Reserve (NA)"
"242","Point Lobos","State Marine Reserve","California_MPAs.pdf",101,0,0,0,0,0,0,2,1,1,0,0,0,2,2,NA,8,"United States","USA","2015",555547393,NA,"State Marine Reserve (NA)"
"243","Point Lobos","State Marine Conservation Area","California_MPAs.pdf",101,0,0,0,0,0,0,2,1,1,0,0,0,2,2,NA,8,"United States","USA","2015",555586891,NA,"State Marine Conservation Area (NA)"
"244","Point Resistance","Special Closure","California_MPAs.pdf",101,0,0,0,0,0,0,2,1,1,0,0,0,2,2,NA,8,"United States","USA","2015",555547370,NA,"Special Closure (NA)"
"245","Point Reyes","State Marine Reserve","California_MPAs.pdf",101,0,0,0,0,0,0,2,1,1,0,0,0,2,2,NA,8,"United States","USA","2015",555547366,NA,"State Marine Reserve (NA)"
"246","Point Reyes","State Marine Conservation Area","California_MPAs.pdf",101,0,0,0,0,0,0,2,1,1,0,0,0,2,2,NA,8,"United States","USA","2015",555586899,NA,"State Marine Conservation Area (NA)"
"247","Point Reyes Headlands","Special Closure","California_MPAs.pdf",101,0,0,0,0,0,0,2,1,1,0,0,0,2,2,NA,8,"United States","USA","2015",555547369,NA,"Special Closure (NA)"
"248","Point St. George Reef Offshore","State Marine Conservation Area","California_MPAs.pdf",101,0,0,0,0,0,0,2,1,1,0,0,0,2,2,NA,8,"United States","USA","2015",555586862,NA,"State Marine Conservation Area (NA)"
"249","Point Sur","State Marine Reserve","California_MPAs.pdf",101,0,0,0,0,0,0,2,1,1,0,0,0,2,2,NA,8,"United States","USA","2015",555547394,NA,"State Marine Reserve (NA)"
"250","Point Sur","State Marine Conservation Area","California_MPAs.pdf",101,0,0,0,0,0,0,2,1,1,0,0,0,2,2,NA,8,"United States","USA","2015",555586892,NA,"State Marine Conservation Area (NA)"
"251","Point Vicente","State Marine Conservation Area","California_MPAs.pdf",101,0,0,0,0,0,0,2,1,1,0,0,0,2,2,NA,8,"United States","USA","2015",555586842,NA,"State Marine Conservation Area (NA)"
"252","Portugese Ledge","State Marine Conservation Area","California_MPAs.pdf",101,0,0,0,0,0,0,2,1,1,0,0,0,2,2,NA,8,"United States","USA","2015",555586720,NA,"State Marine Conservation Area (NA)"
"253","Pyramid Point","State Marine Conservation Area","California_MPAs.pdf",101,0,0,0,0,0,0,2,1,1,0,0,0,2,2,NA,8,"United States","USA","2015",555586861,NA,"State Marine Conservation Area (NA)"
"254","Reading Rock","State Marine Conservation Area","California_MPAs.pdf",101,0,0,0,0,0,0,2,1,1,0,0,0,2,2,NA,8,"United States","USA","2015",555587010,NA,"State Marine Conservation Area (NA)"
"255","Reading Rock","State Marine Reserve","California_MPAs.pdf",101,0,0,0,0,0,0,2,1,1,0,0,0,2,2,NA,8,"United States","USA","2015",555587011,NA,"State Marine Reserve (NA)"
"256","Richardson Rock (San Miguel Island)","State Marine Reserve","California_MPAs.pdf",101,0,0,0,0,0,0,2,1,1,0,0,0,2,2,NA,8,"United States","USA","2015",352742,NA,"State Marine Reserve (NA)"
"257","Rockport Rocks","Special Closure","California_MPAs.pdf",101,0,0,0,0,0,0,2,1,1,0,0,0,2,2,NA,8,"United States","USA","2015",555587015,NA,"Special Closure (NA)"
"258","Russian Gulch","State Marine Conservation Area","California_MPAs.pdf",101,0,0,0,0,0,0,2,1,1,0,0,0,2,2,NA,8,"United States","USA","2015",555586869,NA,"State Marine Conservation Area (NA)"
"259","Russian River","State Marine Recreational Management Area","California_MPAs.pdf",101,0,0,0,0,0,0,2,1,1,0,0,0,2,2,NA,8,"United States","USA","2015",555547364,NA,"State Marine Recreational Management Area (NA)"
"260","Russian River","State Marine Conservation Area","California_MPAs.pdf",101,0,0,0,0,0,0,2,1,1,0,0,0,2,2,NA,8,"United States","USA","2015",555586730,NA,"State Marine Conservation Area (NA)"
"261","Salt Point","State Marine Conservation Area","California_MPAs.pdf",101,0,0,0,0,0,0,2,1,1,0,0,0,2,2,NA,8,"United States","USA","2015",11115641,NA,"State Marine Conservation Area (NA)"
"262","Samoa","State Marine Conservation Area","California_MPAs.pdf",101,0,0,0,0,0,0,2,1,1,0,0,0,2,2,NA,8,"United States","USA","2015",555586863,NA,"State Marine Conservation Area (NA)"
"263","San Diego-Scripps Coastal","State Marine Conservation Area","California_MPAs.pdf",101,0,0,0,0,0,0,2,1,1,0,0,0,2,2,NA,8,"United States","USA","2015",555586855,NA,"State Marine Conservation Area (NA)"
"264","San Dieguito Lagoon","State Marine Conservation Area","California_MPAs.pdf",101,0,0,0,0,0,0,2,1,1,0,0,0,2,2,NA,8,"United States","USA","2015",555586860,NA,"State Marine Conservation Area (NA)"
"265","San Elijo Lagoon","State Marine Conservation Area","California_MPAs.pdf",101,0,0,0,0,0,0,2,1,1,0,0,0,2,2,NA,8,"United States","USA","2015",555587002,NA,"State Marine Conservation Area (NA)"
"266","San Miguel Island","Special Closure A-1","California_MPAs.pdf",101,0,0,0,0,0,0,2,1,1,0,0,0,2,2,NA,8,"United States","USA","2015",555586888,NA,"Special Closure A-1 (NA)"
"267","Santa Barbara Island","State Marine Reserve","California_MPAs.pdf",101,0,0,0,0,0,0,2,1,1,0,0,0,2,2,NA,8,"United States","USA","2015",352750,NA,"State Marine Reserve (NA)"
"268","Saunders Reef","State Marine Conservation Area","California_MPAs.pdf",101,0,0,0,0,0,0,2,1,1,0,0,0,2,2,NA,8,"United States","USA","2015",555586729,NA,"State Marine Conservation Area (NA)"
"269","Scorpion (Santa Cruz Island)","State Marine Reserve","California_MPAs.pdf",101,0,0,0,0,0,0,2,1,1,0,0,0,2,2,NA,8,"United States","USA","2015",352749,NA,"State Marine Reserve (NA)"
"270","Sea Lion Cove","State Marine Conservation Area","California_MPAs.pdf",101,0,0,0,0,0,0,2,1,1,0,0,0,2,2,NA,8,"United States","USA","2015",555586728,NA,"State Marine Conservation Area (NA)"
"271","Sea Lion Gulch","State Marine Reserve","California_MPAs.pdf",101,0,0,0,0,0,0,2,1,1,0,0,0,2,2,NA,8,"United States","USA","2015",555586866,NA,"State Marine Reserve (NA)"
"272","Skunk Point (Santa Rosa Island)","State Marine Reserve","California_MPAs.pdf",101,0,0,0,0,0,0,2,1,1,0,0,0,2,2,NA,8,"United States","USA","2015",352745,NA,"State Marine Reserve (NA)"
"273","Soquel Canyon","State Marine Conservation Area","California_MPAs.pdf",101,0,0,0,0,0,0,2,1,1,0,0,0,2,2,NA,8,"United States","USA","2015",555586719,NA,"State Marine Conservation Area (NA)"
"274","South Cape Mendocino","State Marine Reserve","California_MPAs.pdf",101,0,0,0,0,0,0,2,1,1,0,0,0,2,2,NA,8,"United States","USA","2015",555586864,NA,"State Marine Reserve (NA)"
"275","South Humboldt Bay","State Marine Recreational Management Area","California_MPAs.pdf",101,0,0,0,0,0,0,2,1,1,0,0,0,2,2,NA,8,"United States","USA","2015",555587012,NA,"State Marine Recreational Management Area (NA)"
"276","South La Jolla","State Marine Reserve","California_MPAs.pdf",101,0,0,0,0,0,0,2,1,1,0,0,0,2,2,NA,8,"United States","USA","2015",555587003,NA,"State Marine Reserve (NA)"
"277","South La Jolla","State Marine Conservation Area","California_MPAs.pdf",101,0,0,0,0,0,0,2,1,1,0,0,0,2,2,NA,8,"United States","USA","2015",555587004,NA,"State Marine Conservation Area (NA)"
"278","South Point (Santa Rosa Island)","State Marine Reserve","California_MPAs.pdf",101,0,0,0,0,0,0,2,1,1,0,0,0,2,2,NA,8,"United States","USA","2015",352747,NA,"State Marine Reserve (NA)"
"279","Southeast Farallon","Special Closure A","California_MPAs.pdf",101,0,0,0,0,0,0,2,1,1,0,0,0,2,2,NA,8,"United States","USA","2015",555547374,NA,"Special Closure A (NA)"
"280","Southeast Farallon","Special Closure B","California_MPAs.pdf",101,0,0,0,0,0,0,2,1,1,0,0,0,2,2,NA,8,"United States","USA","2015",555547376,NA,"Special Closure B (NA)"
"281","Southeast Farallon Island","State Marine Reserve","California_MPAs.pdf",101,0,0,0,0,0,0,2,1,1,0,0,0,2,2,NA,8,"United States","USA","2015",555547367,NA,"State Marine Reserve (NA)"
"282","Southeast Farallon Island","State Marine Conservation Area","California_MPAs.pdf",101,0,0,0,0,0,0,2,1,1,0,0,0,2,2,NA,8,"United States","USA","2015",555586733,NA,"State Marine Conservation Area (NA)"
"283","Southwest Seal Rock","Special Closure","California_MPAs.pdf",101,0,0,0,0,0,0,2,1,1,0,0,0,2,2,NA,8,"United States","USA","2015",555587007,NA,"Special Closure (NA)"
"284","Steamboat Rock","Special Closure","California_MPAs.pdf",101,0,0,0,0,0,0,2,1,1,0,0,0,2,2,NA,8,"United States","USA","2015",555587014,NA,"Special Closure (NA)"
"285","Stewarts Point","State Marine Reserve","California_MPAs.pdf",101,0,0,0,0,0,0,2,1,1,0,0,0,2,2,NA,8,"United States","USA","2015",555547390,NA,"State Marine Reserve (NA)"
"286","Stewarts Point","State Marine Conservation Area","California_MPAs.pdf",101,0,0,0,0,0,0,2,1,1,0,0,0,2,2,NA,8,"United States","USA","2015",555586808,NA,"State Marine Conservation Area (NA)"
"287","Sugarloaf Island","Special Closure","California_MPAs.pdf",101,0,0,0,0,0,0,2,1,1,0,0,0,2,2,NA,8,"United States","USA","2015",555587013,NA,"Special Closure (NA)"
"288","Swami's","State Marine Conservation Area","California_MPAs.pdf",101,0,0,0,0,0,0,2,1,1,0,0,0,2,2,NA,8,"United States","USA","2015",555586854,NA,"State Marine Conservation Area (NA)"
"289","Ten Mile","State Marine Reserve","California_MPAs.pdf",101,0,0,0,0,0,0,2,1,1,0,0,0,2,2,NA,8,"United States","USA","2015",555587017,NA,"State Marine Reserve (NA)"
"290","Ten Mile Beach","State Marine Conservation Area","California_MPAs.pdf",101,0,0,0,0,0,0,2,1,1,0,0,0,2,2,NA,8,"United States","USA","2015",555587018,NA,"State Marine Conservation Area (NA)"
"291","Ten Mile Estuary","State Marine Conservation Area","California_MPAs.pdf",101,0,0,0,0,0,0,2,1,1,0,0,0,2,2,NA,8,"United States","USA","2015",555587019,NA,"State Marine Conservation Area (NA)"
"292","Tijuana River Mouth","State Marine Conservation Area","California_MPAs.pdf",101,0,0,0,0,0,0,2,1,1,0,0,0,2,2,NA,8,"United States","USA","2015",555586859,NA,"State Marine Conservation Area (NA)"
"293","Tijuana Slough","National Wildlife Refuge","California_MPAs.pdf",101,0,0,0,0,0,0,2,1,1,0,0,0,2,2,NA,8,"United States","USA","2015",1111291,"NWR","National Wildlife Refuge (NWR)"
"294","Upper Newport Bay","State Marine Conservation Area","California_MPAs.pdf",101,0,0,0,0,0,0,2,1,1,0,0,0,2,2,NA,8,"United States","USA","2015",555586998,NA,"State Marine Conservation Area (NA)"
"295","Van Damme","State Marine Conservation Area","California_MPAs.pdf",101,0,0,0,0,0,0,2,1,1,0,0,0,2,2,NA,8,"United States","USA","2015",555586871,NA,"State Marine Conservation Area (NA)"
"296","Vandenberg","State Marine Reserve","California_MPAs.pdf",101,0,0,0,0,0,0,2,1,1,0,0,0,2,2,NA,8,"United States","USA","2015",312359,NA,"State Marine Reserve (NA)"
"297","Vizcaino Rock","Special Closure","California_MPAs.pdf",101,0,0,0,0,0,0,2,1,1,0,0,0,2,2,NA,8,"United States","USA","2015",555587016,NA,"Special Closure (NA)"
"298","White Rock (Cambria)","State Marine Conservation Area","California_MPAs.pdf",101,0,0,0,0,0,0,2,1,1,0,0,0,2,2,NA,8,"United States","USA","2015",555586726,NA,"State Marine Conservation Area (NA)"
"299","Tobago Cays-Mayreau","Specially Protected Area (Cartagena Convention)","555624230_Tobago_Cays_Marine_Park.pdf",102,0,0,0,0,0,0,1,2,2,0,0,0,2,0,NA,7,"St. Vincent and the Grenadines","Caribbean","2007",555624230,NA,"Specially Protected Area (Cartagena Convention) (NA)"
"300","Liverpool Bay / Bae Lerpwl","Special Protection Area (Birds Directive)","Advice_555557063_Liverpool_Bay_Bae_Lerpwl.pdf",103,0,0,0,0,0,0,1,2,2,0,2,0,0,0,NA,7,"United Kingdom","UK","2012",555541883,"SPA","Special Protection Area (Birds Directive) (SPA)"
"301","Liverpool Bay / Bae Lerpwl","Marine Protected Area (OSPAR)","Advice_555557063_Liverpool_Bay_Bae_Lerpwl.pdf",103,0,0,0,0,0,0,1,2,2,0,2,0,0,0,NA,7,"United Kingdom","UK","2012",555557063,NA,"Marine Protected Area (OSPAR) (NA)"
"302","Roebuck Bay","Ramsar Site, Wetland of International Importance","67794_Roebuck_bay.pdf",104,0,0,0,0,2,0,1,2,2,0,2,2,2,0,NA,13,"Australia","Oceania","2016",67794,"RS WII","Ramsar Site, Wetland of International Importance (RS WII)"
"303","Chesapeake Bay National Estuarine Research Reserve - Maryland","National Estuarine Research Reserve","555586988_ChesapeakeMD.pdf",105,0,0,0,0,2,0,1,1,1,0,0,2,2,0,NA,9,"United States","USA","2008",555586988,"NERR","National Estuarine Research Reserve (NERR)"
"304","North Inlet-Winyah Bay","National Estuarine Research Reserve","372457_North Inlet_Winyah Bay.pdf",106,0,0,0,2,2,0,1,1,1,0,0,2,2,0,NA,11,"United States","USA","2011",372457,"NERR","National Estuarine Research Reserve (NERR)"
"305","Guam","National Wildlife Refuge","315063_GuamFinalCCP.pdf",107,2,2,0,2,2,0,1,2,1,0,0,2,2,0,NA,14,"United States","USA","2009",315063,"NWR","National Wildlife Refuge (NWR)"
"306","Featherstone","National Wildlife Refuge","2973_Featherstone.pdf",108,2,2,0,0,2,0,1,2,1,0,1,0,2,2,NA,13,"United States","USA","2011",2973,"NWR","National Wildlife Refuge (NWR)"
"307","Grays Harbor","National Wildlife Refuge","315060_Grays Harbor.pdf",109,2,2,0,0,2,0,2,2,1,0,1,0,2,2,NA,14,"United States","USA","2015",315060,"NWR","National Wildlife Refuge (NWR)"
"308","St. Sebastian River","Preserve State Park","666669_StSebastian.pdf",110,0,0,0,0,0,0,2,2,1,0,0,0,2,2,NA,9,"United States","USA","2019",666669,NA,"Preserve State Park (NA)"
"309","Pembrokeshire Marine / Sir Benfro Forol","Marine Protected Area (OSPAR)","Advice_555535783_Pembrokeshire_Marine.pdf",111,0,0,0,0,0,0,1,1,1,0,1,0,0,0,NA,4,"United Kingdom","UK","2009",555557120,NA,"Marine Protected Area (OSPAR) (NA)"
"310","Pembrokeshire Marine/ Sir Benfro Forol","Special Area of Conservation (Habitats Directive)","Advice_555535783_Pembrokeshire_Marine.pdf",111,0,0,0,0,0,0,1,1,1,0,1,0,0,0,NA,4,"United Kingdom","UK","2009",555535783,"SAC","Special Area of Conservation (Habitats Directive) (SAC)"
"311","Delaware Bay Estuary","Ramsar Site, Wetland of International Importance","68316_Delaware Estuary_CCMP.pdf",112,2,2,2,0,2,0,2,2,1,0,0,2,2,2,NA,17,"United States","USA","2019",68316,"RS WII","Ramsar Site, Wetland of International Importance (RS WII)"
"312","Cape Romain","National Wildlife Refuge","2884_Cape Romain.pdf",114,2,2,0,2,2,0,1,2,1,0,1,0,2,2,NA,15,"United States","USA","2010",2884,"NWR","National Wildlife Refuge (NWR)"
"313","Sirmilik National Park Of Canada","National Park","300103_Sirmilik_NP.pdf",115,0,0,0,0,0,0,2,1,1,0,2,0,2,0,NA,8,"Canada","Canada","2016",300103,"NP","National Park (NP)"
"314","Buck Island Reef","National Monument","1047_Buck_Island_Reef_National_Monument.pdf",116,2,2,2,0,0,0,2,1,1,0,0,0,2,2,NA,12,"United States","USA","2012",1047,NA,"National Monument (NA)"
"315","Nomans Land Island","National Wildlife Refuge","75513_EntireDocument_LowResolutionforWebPosting.pdf",117,2,2,0,0,2,0,2,2,1,0,1,2,2,2,NA,16,"United States","USA","2010",75513,"NWR","National Wildlife Refuge (NWR)"
"316","Cardigan Bay/ Bae Ceredigion","Special Area of Conservation (Habitats Directive)","Advice_555556947_Cardigan_Bay_CCW.pdf",118,0,0,0,0,0,0,0,2,2,0,2,0,0,0,NA,6,"United Kingdom","UK","2009",555535659,"SAC","Special Area of Conservation (Habitats Directive) (SAC)"
"317","Gough Island","Ramsar Site, Wetland of International Importance","478034_Gough_and_Inaccessible_Island.pdf",119,2,2,0,0,2,0,2,2,1,0,1,2,2,0,NA,14,"Saint Helena","Africa","2010",478034,"RS WII","Ramsar Site, Wetland of International Importance (RS WII)"
"318","Inaccessible Island","Ramsar Site, Wetland of International Importance","478034_Gough_and_Inaccessible_Island.pdf",119,2,2,0,0,2,0,2,2,1,0,1,2,2,0,NA,14,"Saint Helena","Africa","2010",478035,"RS WII","Ramsar Site, Wetland of International Importance (RS WII)"
"319","St. Martins Marsh","Aquatic Preserve","555586755_St-Martins-Marsh-AP-Management-Plan.pdf",120,2,2,2,0,0,0,2,2,1,0,0,0,0,0,NA,9,"United States","USA","2017",555586755,NA,"Aquatic Preserve (NA)"
"320","Redfish Rocks","Marine Reserve","555587021_RedfishRocks_MR.pdf",122,0,0,0,0,2,0,2,1,1,0,0,0,0,0,NA,6,"United States","USA","2012",555587021,NA,"Marine Reserve (NA)"
"321","Deben Estuary","Ramsar Site, Wetland of International Importance","Advice_555556965_Deben Estuary_NaturalEngland.pdf",123,0,0,0,0,0,0,1,2,2,0,2,0,0,0,NA,7,"United Kingdom","UK","2001",127891,"RS WII","Ramsar Site, Wetland of International Importance (RS WII)"
"322","Crystal River","Preserve State Park","666642_Crystal River.pdf",124,0,0,0,0,2,0,2,2,1,0,1,0,0,2,NA,10,"United States","USA","2018",666642,NA,"Preserve State Park (NA)"
"323","Chassahowitzka","National Wildlife Refuge","10565_Chassahowitzka_Conservation plan.pdf",125,2,2,0,0,2,0,1,2,1,0,1,0,2,2,NA,13,"United States","USA","2012",10565,"NWR","National Wildlife Refuge (NWR)"
"324","Aulavik National Park Of Canada","National Park","100676_Aulavik_National_Park_of_Canada.pdf",126,0,0,0,0,0,0,0,0,0,0,0,NA,2,0,NA,2,"Canada","Canada","2012",100676,"NP","National Park (NP)"
"325","Anahuac","National Wildlife Refuge","2900_Anahuac.pdf",127,0,0,0,2,2,0,1,2,1,0,0,0,2,0,NA,10,"United States","USA","2008",2900,"NWR","National Wildlife Refuge (NWR)"
"326","Dry Tortugas","IGNORE ME","61706_DryTortugas_NP.pdf",129,0,0,0,0,0,0,2,1,1,0,1,0,0,0,NA,5,"United States","USA","2000",61706,"NP","National Park (NP)"
"327","St. Joseph Bay","Aquatic Preserve","555586754_St_Joseph_Bay_Aquatic_Preserve_Management_Plan_2008.pdf",130,0,0,0,0,0,0,2,2,1,0,0,0,2,2,NA,9,"United States","USA","2008",555586754,NA,"Aquatic Preserve (NA)"
"328","Protection Island","Aquatic Reserve","315470_ProtectionIsland_AquaticReserve.pdf",131,2,2,0,0,0,0,2,2,1,0,0,0,2,2,NA,11,"United States","USA","2010",555586833,NA,"Aquatic Reserve (NA)"
"329","Wells","National Estuarine Research Reserve","555586812_WNERR_management-plan_2013_complete_low-res.pdf",132,0,0,0,2,2,0,2,1,1,0,0,2,2,0,NA,12,"United States","USA","2013",555586812,"NERR","National Estuarine Research Reserve (NERR)"
"330","St. Vincent","National Wildlife Refuge","2952_SVN_2012_CCP.pdf",135,0,2,0,2,2,0,1,2,1,0,0,2,2,2,NA,16,"United States","USA","2012",2952,"NWR","National Wildlife Refuge (NWR)"
"331","Quttinirpaaq National Park Of Canada","National Park","13396_Quttinirpaaq_NP.pdf",136,0,0,2,0,2,0,1,2,2,0,1,2,2,0,NA,14,"Canada","Canada","2006",13396,"NP","National Park (NP)"
"332","National Marine Sanctuary of American Samoa","National Marine Sanctuary","555586873_fbnms_mp_eis.pdf",137,2,2,0,2,2,0,1,2,2,0,0,2,2,2,NA,17,"United States","USA","2012",555586873,NA,"National Marine Sanctuary (NA)"
"333","Don Edwards San Francisco Bay","National Wildlife Refuge","2941_DonEdwardsSFB_NWR.pdf",138,0,2,0,2,2,0,2,2,1,0,1,2,2,2,NA,18,"United States","USA","2012",2941,"NWR","National Wildlife Refuge (NWR)"
"334","Eighty-mile Beach","Ramsar Site, Wetland of International Importance","67795_Eighty-mile_beach.pdf",139,0,0,0,0,2,0,1,2,2,0,1,2,2,0,NA,12,"Australia","Oceania","2014",67795,"RS WII","Ramsar Site, Wetland of International Importance (RS WII)"
"335","Cedar Key Scrub","State Reserve","555586066_Cedar Keys Scrub state reservet.pdf",140,0,0,0,0,0,0,2,2,1,0,1,2,2,0,NA,10,"United States","USA","2019",555586066,NA,"State Reserve (NA)"
"336","Mosquito Lagoon","Aquatic Preserve","555586773_Mosquito-Lagoon-AP-Management-Plan-2009.pdf",143,2,2,0,0,2,0,1,2,1,0,0,0,0,0,NA,8,"United States","USA","2009",555586773,NA,"Aquatic Preserve (NA)"
"337","Bolinas Lagoon","Ramsar Site, Wetland of International Importance","166885_Bolinas.pdf",144,2,2,0,0,0,0,1,1,1,0,0,0,0,0,NA,5,"United States","USA","1996",166885,"RS WII","Ramsar Site, Wetland of International Importance (RS WII)"
"338","Crocodile Lake","National Wildlife Refuge","13793_Crocodile Lake NWR CCP.pdf",145,0,0,0,0,0,0,2,2,1,0,1,0,0,0,NA,6,"United States","USA","2006",13793,"NWR","National Wildlife Refuge (NWR)"
"339","Nestucca Bay","National Wildlife Refuge","1111277_NestuccaBay_NWR.pdf",146,2,2,0,0,2,0,1,2,1,0,2,2,2,2,NA,16,"United States","USA","2013",1111277,"NWR","National Wildlife Refuge (NWR)"
"340","Gibraltar Point","Ramsar Site, Wetland of International Importance","68276_The_Wash_and_North_Norfolk_Coast.pdf",147,0,0,0,0,0,0,1,1,1,0,1,0,0,0,NA,4,"United Kingdom","UK","2001",134955,"RS WII","Ramsar Site, Wetland of International Importance (RS WII)"
"341","The Wash","Ramsar Site, Wetland of International Importance","68276_The_Wash_and_North_Norfolk_Coast.pdf",147,0,0,0,0,0,0,1,1,1,0,1,0,0,0,NA,4,"United Kingdom","UK","2001",68276,"RS WII","Ramsar Site, Wetland of International Importance (RS WII)"
"342","Farallon","National Wildlife Refuge","1111270_FarallonNWR.pdf",149,2,2,0,2,2,0,2,2,1,0,1,2,2,0,NA,16,"United States","USA","2009",1111270,"NWR","National Wildlife Refuge (NWR)"
"343","St. Thomas East End","Reserves","555586835_St. Thomas East End.pdf",150,0,0,0,2,2,2,2,2,2,0,0,2,2,2,NA,18,"United States","USA","2011",555586835,NA,"Reserves (NA)"
"344","Big Boggy","National Wildlife Refuge","555586763_BigBoggy_Texas Mid_Coast.pdf",151,2,2,2,2,2,0,2,2,2,0,0,2,2,2,NA,20,"United States","USA","2012",555586763,"NWR","National Wildlife Refuge (NWR)"
"345","Brazoria","National Wildlife Refuge","555586763_BigBoggy_Texas Mid_Coast.pdf",151,2,2,2,2,2,0,2,2,2,0,0,2,2,2,NA,20,"United States","USA","2012",10571,"NWR","National Wildlife Refuge (NWR)"
"346","San Bernard","National Wildlife Refuge","555586763_BigBoggy_Texas Mid_Coast.pdf",151,2,2,2,2,2,0,2,2,2,0,0,2,2,2,NA,20,"United States","USA","2012",3333336,"NWR","National Wildlife Refuge (NWR)"
"347","Monomoy","National Wildlife Refuge","13024_10w_CCP_Entire_Document(7545KB).pdf",152,2,2,2,2,2,0,2,2,1,1,1,2,2,2,NA,21,"United States","USA","2016",13024,"NWR","National Wildlife Refuge (NWR)"
"348","Pinellas","National Wildlife Refuge","2854_Pinellas_NWR.pdf",153,2,2,0,0,0,0,1,2,1,0,1,0,2,0,NA,9,"United States","USA","2010",2854,"NWR","National Wildlife Refuge (NWR)"
"349","North Carolina","National Estuarine Research Reserve","555586878_NorthCarolina_NERR.pdf",154,2,2,0,0,2,0,2,2,2,0,0,0,2,0,NA,12,"United States","USA","2009",555586878,"NERR","National Estuarine Research Reserve (NERR)"
"350","Tubbataha Reefs Natural Park","Ramsar Site, Wetland of International Importance","198330_Tubbataha_Reefs_Natural_Park.pdf",155,0,0,0,0,0,2,2,2,2,0,0,2,2,2,NA,14,"Philippines","Asia","2010",198330,"RS WII","Ramsar Site, Wetland of International Importance (RS WII)"
"351","Thunder Bay National Marine Sanctuar","National Marine Sanctuary","555586805_management plan_final.pdf",156,0,0,0,0,2,0,1,1,1,0,0,2,2,2,NA,11,"United States","USA","2009",555586805,NA,"National Marine Sanctuary (NA)"
"352","Currituck","National Wildlife Refuge","315058_Currituck_NWR.pdf",157,2,2,0,0,0,0,1,2,1,0,1,0,0,0,NA,7,"United States","USA","2008",315058,"NWR","National Wildlife Refuge (NWR)"
"353","Grand Bay","National Wildlife Refuge","369098_Grand_Bay_NWR_CCP.pdf",158,0,0,0,0,0,0,1,2,1,0,2,0,0,0,NA,6,"United States","USA","2008",369098,"NWR","National Wildlife Refuge (NWR)"
"354","John U. Lloyd Beach","State Park","555586032_JohnULloyd.pdf",159,0,0,0,0,0,0,2,2,2,0,1,0,0,0,NA,7,"United States","USA","2012",555586032,NA,"State Park (NA)"
"355","Pen Llyn a`r Sarnau / Lleyn Peninsula and the Sarnau","Marine Protected Area (OSPAR)","Advice_555535784_Pen_Llyn_ar_Sarnau.pdf",160,2,2,0,0,0,0,0,2,1,0,2,0,0,0,NA,7,"United Kingdom","UK","2009",555557121,NA,"Marine Protected Area (OSPAR) (NA)"
"356","Pen Llyn a`r Sarnau/ Lleyn Peninsula and the Sarnau","Special Area of Conservation (Habitats Directive)","Advice_555535784_Pen_Llyn_ar_Sarnau.pdf",160,2,2,0,0,0,0,0,2,1,0,2,0,0,0,NA,7,"United Kingdom","UK","2009",555535784,"SAC","Special Area of Conservation (Habitats Directive) (SAC)"
"357","Rose Atoll","National Wildlife Refuge","2936_Rose Atoll NWR Final CCP_May 2014(1).pdf",161,2,2,0,2,0,0,2,2,1,0,1,2,2,2,NA,16,"United States","USA","2014",2936,"NWR","National Wildlife Refuge (NWR)"
"358","Bon Secour","National Wildlife Refuge","21107_Bon Secour NWR CCP.pdf",162,0,0,0,0,0,0,2,2,1,0,1,0,0,0,NA,6,"United States","USA","2005",21107,"NWR","National Wildlife Refuge (NWR)"
"359","Ebey's Landing","National Historical Reserve","555586991_Ebeys Landing.pdf",163,0,0,0,0,0,0,1,1,1,0,0,0,0,0,NA,3,"United States","USA","2009",555586991,NA,"National Historical Reserve (NA)"
"360","Salt Ponds Region","IGNORE ME","555586968_Salt Ponds Region.pdf",164,2,2,2,0,0,0,1,0,0,0,0,NA,0,0,NA,5,"United States","USA","1999",555586968,"MPA","Marine Protected Area (MPA)"
"361","Howland Island","National Wildlife Refuge","2926_HowlandIsland_NWR.pdf",165,0,0,0,0,0,0,2,2,1,0,1,2,2,2,NA,12,"United States","USA","2007",2926,"NWR","National Wildlife Refuge (NWR)"
"362","Musquash Estuary Marine Protected Area","Marine Protected Area","555512156_MusquashEstuary_MPA.pdf",166,0,0,0,0,0,0,0,1,1,0,0,0,0,0,NA,2,"Canada","Canada","2017",555512156,"MPA","Marine Protected Area (MPA)"
"363","Cedar Island","National Wildlife Refuge","10569_CedarIsland_NWR.pdf",168,2,2,0,0,0,0,0,2,1,0,1,0,0,0,NA,6,"United States","USA","2006",10569,"NWR","National Wildlife Refuge (NWR)"
"364","Poole Harbour","Ramsar Site, Wetland of International Importance","555557128_Poole Harbour.pdf",169,2,2,2,2,0,0,2,2,0,0,0,0,2,0,NA,12,"United Kingdom","UK","2006",220076,"RS WII","Ramsar Site, Wetland of International Importance (RS WII)"
"365","Poole Harbour","Special Protection Area (Birds Directive)","555557128_Poole Harbour.pdf",169,2,2,2,2,0,0,2,2,0,0,0,0,2,0,NA,12,"United Kingdom","UK","2006",555541821,"SPA","Special Protection Area (Birds Directive) (SPA)"
"366","Poole Harbour","Marine Protected Area (OSPAR)","555557128_Poole Harbour.pdf",169,2,2,2,2,0,0,2,2,0,0,0,0,2,0,NA,12,"United Kingdom","UK","2006",555557128,NA,"Marine Protected Area (OSPAR) (NA)"
"367","Tarium Niryutait Marine Protected Area","Marine Protected Area","555558198_TariumNiryutait_MPA.pdf",170,2,2,0,0,0,0,0,1,1,0,1,2,0,0,NA,7,"Canada","Canada","2013",555558198,"MPA","Marine Protected Area (MPA)"
"368","Duddon Estuary","Ramsar Site, Wetland of International Importance","Advice_555556974_Duddon_Estuary_NaturalEngland.pdf",171,0,0,0,0,0,0,0,2,2,0,2,0,0,0,NA,6,"United Kingdom","UK","2001",220052,"RS WII","Ramsar Site, Wetland of International Importance (RS WII)"
"369","Olympic Coast","National Marine Sanctuary","555586804_OlympicCoast_NMS.pdf",172,0,0,0,0,2,0,1,1,1,0,0,2,2,2,NA,11,"United States","USA","2011",555586804,NA,"National Marine Sanctuary (NA)"
"370","J.N. Ding Darling","National Wildlife Refuge","21116_JNDingDarling_Tritaik_2010_CCP.pdf",173,2,2,2,2,2,0,2,2,1,0,1,2,2,2,NA,20,"United States","USA","2010",21116,"NWR","National Wildlife Refuge (NWR)"
"371","Island Bay","National Wildlife Refuge","2851_Pine_Island_and_Matlalcha_Pass_ConservationPlan.pdf",174,2,2,2,2,2,0,1,2,1,0,0,2,2,2,NA,18,"United States","USA","2010",2849,"NWR","National Wildlife Refuge (NWR)"
"372","Matlacha Pass","National Wildlife Refuge","2851_Pine_Island_and_Matlalcha_Pass_ConservationPlan.pdf",174,2,2,2,2,2,0,1,2,1,0,0,2,2,2,NA,18,"United States","USA","2010",2851,"NWR","National Wildlife Refuge (NWR)"
"373","Pine Island","National Wildlife Refuge","2851_Pine_Island_and_Matlalcha_Pass_ConservationPlan.pdf",174,2,2,2,2,2,0,1,2,1,0,0,2,2,2,NA,18,"United States","USA","2010",2850,"NWR","National Wildlife Refuge (NWR)"
"374","Conscience Point","National Wildlife Refuge","13863_13864_35897_5555793_5555799_LongIsland_NWR.pdf",175,2,2,0,0,2,0,1,2,1,0,1,0,0,0,NA,9,"United States","USA","2006",35897,"NWR","National Wildlife Refuge (NWR)"
"375","Oyster Bay","National Wildlife Refuge","13863_13864_35897_5555793_5555799_LongIsland_NWR.pdf",175,2,2,0,0,2,0,1,2,1,0,1,0,0,0,NA,9,"United States","USA","2006",13863,"NWR","National Wildlife Refuge (NWR)"
"376","Seatuck","National Wildlife Refuge","13863_13864_35897_5555793_5555799_LongIsland_NWR.pdf",175,2,2,0,0,2,0,1,2,1,0,1,0,0,0,NA,9,"United States","USA","2006",5555793,"NWR","National Wildlife Refuge (NWR)"
"377","Target Rock","National Wildlife Refuge","13863_13864_35897_5555793_5555799_LongIsland_NWR.pdf",175,2,2,0,0,2,0,1,2,1,0,1,0,0,0,NA,9,"United States","USA","2006",5555799,"NWR","National Wildlife Refuge (NWR)"
"378","Wertheim","National Wildlife Refuge","13863_13864_35897_5555793_5555799_LongIsland_NWR.pdf",175,2,2,0,0,2,0,1,2,1,0,1,0,0,0,NA,9,"United States","USA","2006",13864,"NWR","National Wildlife Refuge (NWR)"
"379","Amelia Island","State Park","23034_555586778_555585996_LittleTalbot_BigTalbot_AmeliaIsland.pdf",176,0,0,0,0,0,0,2,2,2,0,0,0,0,0,NA,6,"United States","USA","2008",555585996,NA,"State Park (NA)"
"380","Big Talbot Island","State Park","23034_555586778_555585996_LittleTalbot_BigTalbot_AmeliaIsland.pdf",176,0,0,0,0,0,0,2,2,2,0,0,0,0,0,NA,6,"United States","USA","2008",555586778,NA,"State Park (NA)"
"381","Little Talbot Island","State Park","23034_555586778_555585996_LittleTalbot_BigTalbot_AmeliaIsland.pdf",176,0,0,0,0,0,0,2,2,2,0,0,0,0,0,NA,6,"United States","USA","2008",23034,NA,"State Park (NA)"
"382","Elkhorn Slough","National Estuarine Research Reserve","368262_ElkhornSlough.pdf",177,0,0,0,0,0,0,2,2,1,0,0,0,0,0,NA,5,"United States","USA","2007",368262,"NERR","National Estuarine Research Reserve (NERR)"
"383","Tijuana River","National Estuarine Research Reserve","902399_Tijuana River.pdf",178,0,0,0,0,0,0,2,2,1,0,0,2,2,2,NA,11,"United States","USA","2010",902399,"NERR","National Estuarine Research Reserve (NERR)"
"384","Tijuana River National Estuarine Research Reserve","Ramsar Site, Wetland of International Importance","902399_Tijuana River.pdf",178,0,0,0,0,0,0,2,2,1,0,0,2,2,2,NA,11,"United States","USA","2010",555549310,"RS WII","Ramsar Site, Wetland of International Importance (RS WII)"
"385","Aldabra Atoll","Ramsar Site, Wetland of International Importance","555542730_Aldabra_Atoll.pdf",179,0,0,0,0,2,0,2,2,2,0,2,2,2,0,NA,14,"Seychelles","Africa","2016",555542730,"RS WII","Ramsar Site, Wetland of International Importance (RS WII)"
"386","Severn Estuary","Ramsar Site, Wetland of International Importance","Advice_555557156_Severn_Estuary.pdf",180,2,2,0,0,0,0,2,2,2,0,2,0,0,0,NA,10,"United Kingdom","UK","2009",95302,"RS WII","Ramsar Site, Wetland of International Importance (RS WII)"
"387","Severn Estuary","Special Protection Area (Birds Directive)","Advice_555557156_Severn_Estuary.pdf",180,2,2,0,0,0,0,2,2,2,0,2,0,0,0,NA,10,"United Kingdom","UK","2009",555541858,"SPA","Special Protection Area (Birds Directive) (SPA)"
"388","Severn Estuary","Marine Protected Area (OSPAR)","Advice_555557156_Severn_Estuary.pdf",180,2,2,0,0,0,0,2,2,2,0,2,0,0,0,NA,10,"United Kingdom","UK","2009",555557156,NA,"Marine Protected Area (OSPAR) (NA)"
"389","Severn Estuary/ Môr Hafren","Special Area of Conservation (Habitats Directive)","Advice_555557156_Severn_Estuary.pdf",180,2,2,0,0,0,0,2,2,2,0,2,0,0,0,NA,10,"United Kingdom","UK","2009",555535761,"SAC","Special Area of Conservation (Habitats Directive) (SAC)"
"390","Bandon Marsh","National Wildlife Refuge","1111260_BandonMarsh_NWR.pdf",181,2,2,0,0,2,0,2,2,1,0,1,2,2,2,NA,16,"United States","USA","2013",1111260,"NWR","National Wildlife Refuge (NWR)"
"391","Pelican Island","National Wildlife Refuge","10574_PelicanIsland.pdf",182,0,0,0,0,0,0,1,2,1,0,0,2,0,0,NA,6,"United States","USA","2006",10574,"NWR","National Wildlife Refuge (NWR)"
"392","Y Fenai a Bae Conwy / Menai Strait and Conwy Bay","Marine Protected Area (OSPAR)","Advice_555557225_Y Fenai a Bae Conwy_Menai Strait and Conwy Bay.pdf",184,2,2,0,0,0,0,1,2,1,0,2,0,0,0,NA,8,"United Kingdom","UK","2009",555557225,NA,"Marine Protected Area (OSPAR) (NA)"
"393","Y Fenai A Bae Conwy/ Menai Strait And Conwy Bay","Special Area of Conservation (Habitats Directive)","Advice_555557225_Y Fenai a Bae Conwy_Menai Strait and Conwy Bay.pdf",184,2,2,0,0,0,0,1,2,1,0,2,0,0,0,NA,8,"United Kingdom","UK","2009",555536090,"SAC","Special Area of Conservation (Habitats Directive) (SAC)"
"394","Kejimkujik National Park And National Historic Site Of Canada","National Park","629_Kejimkujik_NP.pdf",186,0,0,0,0,0,0,0,1,1,1,0,0,2,2,NA,7,"Canada","Canada","2010",629,"NP","National Park (NP)"
"395","Pacific Rim National Park Reserve Of Canada","National Park","628_PacRim_NP.pdf",188,0,0,0,0,0,0,0,2,1,0,1,0,0,2,NA,6,"Canada","Canada","2010",628,"NP","National Park (NP)"
"396","Kaho'olawe","Island Reserve","555586885_Kaho'olawe.pdf",189,2,0,0,0,0,2,1,2,2,2,2,0,0,2,NA,13,"United States","USA","2014",555586885,NA,"Island Reserve (NA)"
"397","Jarvis Island","National Wildlife Refuge","2931_JarvisIsland_NWR.pdf",190,2,2,0,0,2,0,1,2,1,0,1,2,2,0,NA,13,"United States","USA","2007",2931,"NWR","National Wildlife Refuge (NWR)"
"398","Apalachicola River","Wildlife and Environmental Area","365317_apalachicola-river.pdf",191,2,2,0,2,2,0,2,2,1,0,1,0,2,0,NA,14,"United States","USA","2014",365317,NA,"Wildlife and Environmental Area (NA)"
"399","Old Woman Creek","National Estuarine Research Reserve","372716_OldWomanCreek_NERR.pdf",192,2,2,0,2,2,0,2,2,1,0,0,2,2,0,NA,15,"United States","USA","2011",372716,"NERR","National Estuarine Research Reserve (NERR)"
"400","Rachel Carson","National Wildlife Refuge","13820_Rachel_Carson.pdf",193,2,2,0,2,2,0,1,2,1,0,0,2,2,0,NA,14,"United States","USA","2007",13820,"NWR","National Wildlife Refuge (NWR)"
"401","Olympic","IGNORE ME","11111518_Olympic_NP.pdf",195,2,2,0,0,2,0,2,1,1,1,0,0,2,2,NA,13,"United States","USA","2006",11111518,"NP","National Park (NP)"
"402","Waccasassa Bay","State Preserve","666672_WaccasassaBayPreserveStatePark.pdf",196,2,2,2,0,2,0,2,1,1,0,0,0,2,0,NA,12,"United States","USA","2005",666672,NA,"State Preserve (NA)"
"403","Great Bay","National Estuarine Research Reserve","555586814_GreatBay_NERR.pdf",197,2,2,0,2,0,0,2,2,1,0,0,0,0,2,NA,11,"United States","USA","2006",555586814,"NERR","National Estuarine Research Reserve (NERR)"
"404","Guana Tolomato Matanzas","National Estuarine Research Reserve","6666277_Guana Tolomato Matanzas.pdf",198,0,0,0,2,2,0,2,2,1,0,0,0,2,2,NA,13,"United States","USA","2009",6666277,"NERR","National Estuarine Research Reserve (NERR)"
"405","Gilbert Bay Marine Protected Area","Marine Protected Area","555512149_GilbertBay_MPA.pdf",199,0,0,0,0,0,0,2,2,2,1,0,2,0,0,NA,9,"Canada","Canada","2005",555512149,"MPA","Marine Protected Area (MPA)"
"406","Narragansett Bay","National Estuarine Research Reserve","555586877_NarragansettBay_NERR.pdf",200,0,0,0,2,2,0,2,2,1,0,0,2,2,2,NA,15,"United States","USA","2010",555586877,"NERR","National Estuarine Research Reserve (NERR)"
"407","Chincoteague","National Wildlife Refuge","13916_13034_Wallops_Chincoteague.pdf",201,2,2,2,2,2,2,2,2,1,1,1,2,2,2,NA,23,"United States","USA","2015",13034,"NWR","National Wildlife Refuge (NWR)"
"408","Wallops Island","National Wildlife Refuge","13916_13034_Wallops_Chincoteague.pdf",201,2,2,2,2,2,2,2,2,1,1,1,2,2,2,NA,23,"United States","USA","2015",13916,"NWR","National Wildlife Refuge (NWR)"
"409","North Fork, St. Lucie","Aquatic Preserve","555586775_North-Fork-St-Lucie-AP-Management-Plan.pdf",202,2,2,0,2,2,0,1,2,1,1,1,2,2,2,NA,18,"United States","USA","2009",555586775,NA,"Aquatic Preserve (NA)"
"410","Connecticut River Estuary and Tidal River Wetlands Complex","Ramsar Site, Wetland of International Importance","95312_CT_CELCP_Plan_January_2015.pdf",203,2,2,2,0,0,0,0,0,0,0,0,NA,0,2,NA,6,"United States","USA","2015",95312,"RS WII","Ramsar Site, Wetland of International Importance (RS WII)"
"411","San Francisco Bay","National Estuarine Research Reserve","555586880_SFB_NERR.pdf",204,2,2,2,2,2,0,2,2,0,0,0,0,2,2,NA,16,"United States","USA","2018",555586880,"NERR","National Estuarine Research Reserve (NERR)"
"412","Swanquarter","National Wildlife Refuge","666621_Swanquarter_NWR.pdf",206,2,2,0,0,0,0,1,2,1,0,1,0,2,0,NA,9,"United States","USA","2008",666621,"NWR","National Wildlife Refuge (NWR)"
"413","Nisqually Reach","Aquatic Reserve","555586834_Nisqually Reach.pdf",207,2,2,0,2,2,0,1,2,1,0,0,0,2,2,NA,14,"United States","USA","2011",555586834,NA,"Aquatic Reserve (NA)"
"414","Moriah Harbour Cay National Park","National Park","315003_Moriah Harbour Cay National Park.pdf",208,0,0,0,0,0,0,0,0,0,0,0,NA,2,2,NA,4,"Bahamas","Caribbean","2018",315003,"NP","National Park (NP)"
"415","Great Bay","National Wildlife Refuge","5555752_GreatBay_NWR.pdf",209,2,2,0,2,2,0,1,2,1,1,1,2,2,2,NA,18,"United States","USA","2012",5555752,"NWR","National Wildlife Refuge (NWR)"
"416","Dungeness","National Wildlife Refuge","75004_Dungeness.pdf",210,2,2,0,0,2,0,1,2,1,0,1,2,2,2,NA,15,"United States","USA","2013",75004,"NWR","National Wildlife Refuge (NWR)"
"417","Bae Caerfyrddin/ Carmarthen Bay","Special Protection Area (Birds Directive)","Advice_68296_Carmarthen_Bay_CCW.pdf",211,2,2,0,0,0,0,1,2,1,0,2,0,0,0,NA,8,"United Kingdom","UK","2009",555541855,"SPA","Special Protection Area (Birds Directive) (SPA)"
"418","Burry Inlet","Ramsar Site, Wetland of International Importance","Advice_68296_Carmarthen_Bay_CCW.pdf",211,2,2,0,0,0,0,1,2,1,0,2,0,0,0,NA,8,"United Kingdom","UK","2009",68296,"RS WII","Ramsar Site, Wetland of International Importance (RS WII)"
"419","Burry Inlet","Special Protection Area (Birds Directive)","Advice_68296_Carmarthen_Bay_CCW.pdf",211,2,2,0,0,0,0,1,2,1,0,2,0,0,0,NA,8,"United Kingdom","UK","2009",555541857,"SPA","Special Protection Area (Birds Directive) (SPA)"
"420","Burry Inlet","Marine Protected Area (OSPAR)","Advice_68296_Carmarthen_Bay_CCW.pdf",211,2,2,0,0,0,0,1,2,1,0,2,0,0,0,NA,8,"United Kingdom","UK","2009",555556943,NA,"Marine Protected Area (OSPAR) (NA)"
"421","Carmarthen Bay and Estuaries / Bae Caerfyrddin ac Aberoedd","Marine Protected Area (OSPAR)","Advice_68296_Carmarthen_Bay_CCW.pdf",211,2,2,0,0,0,0,1,2,1,0,2,0,0,0,NA,8,"United Kingdom","UK","2009",555556949,NA,"Marine Protected Area (OSPAR) (NA)"
"422","Carmarthen Bay And Estuaries/ Bae Caerfyrddin Ac Aberoedd","Special Area of Conservation (Habitats Directive)","Advice_68296_Carmarthen_Bay_CCW.pdf",211,2,2,0,0,0,0,1,2,1,0,2,0,0,0,NA,8,"United Kingdom","UK","2009",555535919,"SAC","Special Area of Conservation (Habitats Directive) (SAC)"
"423","Seal Beach","National Wildlife Refuge","75128_SealBeachNWR.pdf",212,2,2,0,2,2,0,1,2,1,0,1,2,2,2,NA,17,"United States","USA","2012",75128,"NWR","National Wildlife Refuge (NWR)"
"424","Hawaiian Islands Humpback Whale","National Marine Sanctuary","220003_HawaiianIslands_NMS.pdf",213,2,2,0,2,2,0,1,1,1,1,0,2,2,2,NA,16,"United States","USA","2015",220003,NA,"National Marine Sanctuary (NA)"
"425","Anclote Key","State Park","555585657_AncloteKeyPreserveSP.pdf",214,0,0,0,0,0,0,2,2,2,0,1,0,2,2,NA,11,"United States","USA","2014",555585657,NA,"State Park (NA)"
"426","Colne Estuary","Ramsar Site, Wetland of International Importance","Advice_555556953_Colne Estuary_Mid-Essex Coast Phase 2.pdf",215,2,2,0,0,0,0,1,2,2,0,2,2,2,0,NA,13,"United Kingdom","UK","2000",95293,"RS WII","Ramsar Site, Wetland of International Importance (RS WII)"
"427","Channel Islands","National Marine Sanctuary","555586740_Channel_Islands_National_Marine_Sanctuary.pdf",216,2,2,2,2,2,0,1,1,1,0,0,2,2,2,NA,17,"United States","USA","2009",555586740,NA,"National Marine Sanctuary (NA)"
"428","Maury Island","Aquatic Reserve","312071_Maury Island.pdf",217,2,2,0,0,0,0,2,2,2,0,0,0,0,0,NA,8,"United States","USA","2014",312071,NA,"Aquatic Reserve (NA)"
"429","SGaan Kinghlas – Bowie Seamount Marine Protected Area","Marine Protected Area","55551618_CHN_DFO_2019_SK-B_MgmtPlan.pdf",218,0,0,0,0,0,0,1,1,1,1,1,0,0,0,NA,5,"Canada","Canada","2019",555516418,"MPA","Marine Protected Area (MPA)"
"430","Biscayne","IGNORE ME","1024_Biscayne_National_Park.pdf",219,2,2,2,2,2,0,1,2,2,1,0,0,2,2,NA,18,"United States","USA","2015",1024,"NP","National Park (NP)"
"431","Chesapeake Bay National Estuarine Research Reserve - Virginia","National Estuarine Research Reserve","555586989_Chesapeake Bay National Estuarine Research Reserve_Virginia.pdf",220,2,2,0,2,2,0,2,2,1,0,0,2,2,2,NA,17,"United States","USA","2008",555586989,"NERR","National Estuarine Research Reserve (NERR)"
"432","Kakadu National Park","Ramsar Site, Wetland of International Importance","67763_Kakadu_national_park.pdf",221,2,2,2,2,2,0,2,2,2,1,0,2,2,0,NA,19,"Australia","Oceania","2016",67763,"RS WII","Ramsar Site, Wetland of International Importance (RS WII)"
"433","Greater Farallones","National Marine Sanctuary","Farallones_NMS_FMP_12_04_14.pdf",222,0,0,0,2,2,0,2,1,1,0,0,2,2,2,NA,14,"United States","USA","2014",NA,NA,"National Marine Sanctuary (NA)"
